0
SECTION
2
HEADER
9
$INSUNITS
70
4
0
ENDSEC
0
SECTION
2
ENTITIES
0
3DFACE
8
STAGE
10
-12000.0
20
-9000.0
30
1000.0
11
0.0
21
-9000.0
31
1000.0
12
0.0
22
9000.0
32
1000.0
13
-12000.0
23
9000.0
33
1000.0
0
3DFACE
8
STAGE
10
-12000.0
20
-9000.0
30
0.0
11
0.0
21
-9000.0
31
0.0
12
0.0
22
-9000.0
32
1000.0
13
-12000.0
23
-9000.0
33
1000.0
0
3DFACE
8
STAGE
10
0.0
20
-9000.0
30
0.0
11
0.0
21
9000.0
31
0.0
12
0.0
22
9000.0
32
1000.0
13
0.0
23
-9000.0
33
1000.0
0
3DFACE
8
STAGE
10
0.0
20
9000.0
30
0.0
11
-12000.0
21
9000.0
31
0.0
12
-12000.0
22
9000.0
32
1000.0
13
0.0
23
9000.0
33
1000.0
0
3DFACE
8
STAGE
10
-12000.0
20
9000.0
30
0.0
11
-12000.0
21
-9000.0
31
0.0
12
-12000.0
22
-9000.0
32
1000.0
13
-12000.0
23
9000.0
33
1000.0
0
3DFACE
8
SEATING - STALLS
10
1000.0
20
-8000.0
30
0.0
11
1916.7
21
-8208.3
31
76.4
12
1916.7
22
-7296.3
32
76.4
13
1000.0
23
-7111.1
33
0.0
0
3DFACE
8
SEATING - STALLS
10
1000.0
20
-7111.1
30
0.0
11
1916.7
21
-7296.3
31
76.4
12
1916.7
22
-6384.3
32
76.4
13
1000.0
23
-6222.2
33
0.0
0
3DFACE
8
SEATING - STALLS
10
1000.0
20
-6222.2
30
0.0
11
1916.7
21
-6384.3
31
76.4
12
1916.7
22
-5472.2
32
76.4
13
1000.0
23
-5333.3
33
0.0
0
3DFACE
8
SEATING - STALLS
10
1000.0
20
-5333.3
30
0.0
11
1916.7
21
-5472.2
31
76.4
12
1916.7
22
-4560.2
32
76.4
13
1000.0
23
-4444.4
33
0.0
0
3DFACE
8
SEATING - STALLS
10
1000.0
20
-4444.4
30
0.0
11
1916.7
21
-4560.2
31
76.4
12
1916.7
22
-3648.1
32
76.4
13
1000.0
23
-3555.6
33
0.0
0
3DFACE
8
SEATING - STALLS
10
1000.0
20
-3555.6
30
0.0
11
1916.7
21
-3648.1
31
76.4
12
1916.7
22
-2736.1
32
76.4
13
1000.0
23
-2666.7
33
0.0
0
3DFACE
8
SEATING - STALLS
10
1000.0
20
-2666.7
30
0.0
11
1916.7
21
-2736.1
31
76.4
12
1916.7
22
-1824.1
32
76.4
13
1000.0
23
-1777.8
33
0.0
0
3DFACE
8
SEATING - STALLS
10
1000.0
20
-1777.8
30
0.0
11
1916.7
21
-1824.1
31
76.4
12
1916.7
22
-912.0
32
76.4
13
1000.0
23
-888.9
33
0.0
0
3DFACE
8
SEATING - STALLS
10
1000.0
20
-888.9
30
0.0
11
1916.7
21
-912.0
31
76.4
12
1916.7
22
0.0
32
76.4
13
1000.0
23
0.0
33
0.0
0
3DFACE
8
SEATING - STALLS
10
1000.0
20
0.0
30
0.0
11
1916.7
21
0.0
31
76.4
12
1916.7
22
912.0
32
76.4
13
1000.0
23
888.9
33
0.0
0
3DFACE
8
SEATING - STALLS
10
1000.0
20
888.9
30
0.0
11
1916.7
21
912.0
31
76.4
12
1916.7
22
1824.1
32
76.4
13
1000.0
23
1777.8
33
0.0
0
3DFACE
8
SEATING - STALLS
10
1000.0
20
1777.8
30
0.0
11
1916.7
21
1824.1
31
76.4
12
1916.7
22
2736.1
32
76.4
13
1000.0
23
2666.7
33
0.0
0
3DFACE
8
SEATING - STALLS
10
1000.0
20
2666.7
30
0.0
11
1916.7
21
2736.1
31
76.4
12
1916.7
22
3648.1
32
76.4
13
1000.0
23
3555.6
33
0.0
0
3DFACE
8
SEATING - STALLS
10
1000.0
20
3555.6
30
0.0
11
1916.7
21
3648.1
31
76.4
12
1916.7
22
4560.2
32
76.4
13
1000.0
23
4444.4
33
0.0
0
3DFACE
8
SEATING - STALLS
10
1000.0
20
4444.4
30
0.0
11
1916.7
21
4560.2
31
76.4
12
1916.7
22
5472.2
32
76.4
13
1000.0
23
5333.3
33
0.0
0
3DFACE
8
SEATING - STALLS
10
1000.0
20
5333.3
30
0.0
11
1916.7
21
5472.2
31
76.4
12
1916.7
22
6384.3
32
76.4
13
1000.0
23
6222.2
33
0.0
0
3DFACE
8
SEATING - STALLS
10
1000.0
20
6222.2
30
0.0
11
1916.7
21
6384.3
31
76.4
12
1916.7
22
7296.3
32
76.4
13
1000.0
23
7111.1
33
0.0
0
3DFACE
8
SEATING - STALLS
10
1000.0
20
7111.1
30
0.0
11
1916.7
21
7296.3
31
76.4
12
1916.7
22
8208.3
32
76.4
13
1000.0
23
8000.0
33
0.0
0
3DFACE
8
SEATING - STALLS
10
1916.7
20
-8208.3
30
76.4
11
2833.3
21
-8416.7
31
152.8
12
2833.3
22
-7481.5
32
152.8
13
1916.7
23
-7296.3
33
76.4
0
3DFACE
8
SEATING - STALLS
10
1916.7
20
-7296.3
30
76.4
11
2833.3
21
-7481.5
31
152.8
12
2833.3
22
-6546.3
32
152.8
13
1916.7
23
-6384.3
33
76.4
0
3DFACE
8
SEATING - STALLS
10
1916.7
20
-6384.3
30
76.4
11
2833.3
21
-6546.3
31
152.8
12
2833.3
22
-5611.1
32
152.8
13
1916.7
23
-5472.2
33
76.4
0
3DFACE
8
SEATING - STALLS
10
1916.7
20
-5472.2
30
76.4
11
2833.3
21
-5611.1
31
152.8
12
2833.3
22
-4675.9
32
152.8
13
1916.7
23
-4560.2
33
76.4
0
3DFACE
8
SEATING - STALLS
10
1916.7
20
-4560.2
30
76.4
11
2833.3
21
-4675.9
31
152.8
12
2833.3
22
-3740.7
32
152.8
13
1916.7
23
-3648.1
33
76.4
0
3DFACE
8
SEATING - STALLS
10
1916.7
20
-3648.1
30
76.4
11
2833.3
21
-3740.7
31
152.8
12
2833.3
22
-2805.6
32
152.8
13
1916.7
23
-2736.1
33
76.4
0
3DFACE
8
SEATING - STALLS
10
1916.7
20
-2736.1
30
76.4
11
2833.3
21
-2805.6
31
152.8
12
2833.3
22
-1870.4
32
152.8
13
1916.7
23
-1824.1
33
76.4
0
3DFACE
8
SEATING - STALLS
10
1916.7
20
-1824.1
30
76.4
11
2833.3
21
-1870.4
31
152.8
12
2833.3
22
-935.2
32
152.8
13
1916.7
23
-912.0
33
76.4
0
3DFACE
8
SEATING - STALLS
10
1916.7
20
-912.0
30
76.4
11
2833.3
21
-935.2
31
152.8
12
2833.3
22
0.0
32
152.8
13
1916.7
23
0.0
33
76.4
0
3DFACE
8
SEATING - STALLS
10
1916.7
20
0.0
30
76.4
11
2833.3
21
0.0
31
152.8
12
2833.3
22
935.2
32
152.8
13
1916.7
23
912.0
33
76.4
0
3DFACE
8
SEATING - STALLS
10
1916.7
20
912.0
30
76.4
11
2833.3
21
935.2
31
152.8
12
2833.3
22
1870.4
32
152.8
13
1916.7
23
1824.1
33
76.4
0
3DFACE
8
SEATING - STALLS
10
1916.7
20
1824.1
30
76.4
11
2833.3
21
1870.4
31
152.8
12
2833.3
22
2805.6
32
152.8
13
1916.7
23
2736.1
33
76.4
0
3DFACE
8
SEATING - STALLS
10
1916.7
20
2736.1
30
76.4
11
2833.3
21
2805.6
31
152.8
12
2833.3
22
3740.7
32
152.8
13
1916.7
23
3648.1
33
76.4
0
3DFACE
8
SEATING - STALLS
10
1916.7
20
3648.1
30
76.4
11
2833.3
21
3740.7
31
152.8
12
2833.3
22
4675.9
32
152.8
13
1916.7
23
4560.2
33
76.4
0
3DFACE
8
SEATING - STALLS
10
1916.7
20
4560.2
30
76.4
11
2833.3
21
4675.9
31
152.8
12
2833.3
22
5611.1
32
152.8
13
1916.7
23
5472.2
33
76.4
0
3DFACE
8
SEATING - STALLS
10
1916.7
20
5472.2
30
76.4
11
2833.3
21
5611.1
31
152.8
12
2833.3
22
6546.3
32
152.8
13
1916.7
23
6384.3
33
76.4
0
3DFACE
8
SEATING - STALLS
10
1916.7
20
6384.3
30
76.4
11
2833.3
21
6546.3
31
152.8
12
2833.3
22
7481.5
32
152.8
13
1916.7
23
7296.3
33
76.4
0
3DFACE
8
SEATING - STALLS
10
1916.7
20
7296.3
30
76.4
11
2833.3
21
7481.5
31
152.8
12
2833.3
22
8416.7
32
152.8
13
1916.7
23
8208.3
33
76.4
0
3DFACE
8
SEATING - STALLS
10
2833.3
20
-8416.7
30
152.8
11
3750.0
21
-8625.0
31
229.2
12
3750.0
22
-7666.7
32
229.2
13
2833.3
23
-7481.5
33
152.8
0
3DFACE
8
SEATING - STALLS
10
2833.3
20
-7481.5
30
152.8
11
3750.0
21
-7666.7
31
229.2
12
3750.0
22
-6708.3
32
229.2
13
2833.3
23
-6546.3
33
152.8
0
3DFACE
8
SEATING - STALLS
10
2833.3
20
-6546.3
30
152.8
11
3750.0
21
-6708.3
31
229.2
12
3750.0
22
-5750.0
32
229.2
13
2833.3
23
-5611.1
33
152.8
0
3DFACE
8
SEATING - STALLS
10
2833.3
20
-5611.1
30
152.8
11
3750.0
21
-5750.0
31
229.2
12
3750.0
22
-4791.7
32
229.2
13
2833.3
23
-4675.9
33
152.8
0
3DFACE
8
SEATING - STALLS
10
2833.3
20
-4675.9
30
152.8
11
3750.0
21
-4791.7
31
229.2
12
3750.0
22
-3833.3
32
229.2
13
2833.3
23
-3740.7
33
152.8
0
3DFACE
8
SEATING - STALLS
10
2833.3
20
-3740.7
30
152.8
11
3750.0
21
-3833.3
31
229.2
12
3750.0
22
-2875.0
32
229.2
13
2833.3
23
-2805.6
33
152.8
0
3DFACE
8
SEATING - STALLS
10
2833.3
20
-2805.6
30
152.8
11
3750.0
21
-2875.0
31
229.2
12
3750.0
22
-1916.7
32
229.2
13
2833.3
23
-1870.4
33
152.8
0
3DFACE
8
SEATING - STALLS
10
2833.3
20
-1870.4
30
152.8
11
3750.0
21
-1916.7
31
229.2
12
3750.0
22
-958.3
32
229.2
13
2833.3
23
-935.2
33
152.8
0
3DFACE
8
SEATING - STALLS
10
2833.3
20
-935.2
30
152.8
11
3750.0
21
-958.3
31
229.2
12
3750.0
22
0.0
32
229.2
13
2833.3
23
0.0
33
152.8
0
3DFACE
8
SEATING - STALLS
10
2833.3
20
0.0
30
152.8
11
3750.0
21
0.0
31
229.2
12
3750.0
22
958.3
32
229.2
13
2833.3
23
935.2
33
152.8
0
3DFACE
8
SEATING - STALLS
10
2833.3
20
935.2
30
152.8
11
3750.0
21
958.3
31
229.2
12
3750.0
22
1916.7
32
229.2
13
2833.3
23
1870.4
33
152.8
0
3DFACE
8
SEATING - STALLS
10
2833.3
20
1870.4
30
152.8
11
3750.0
21
1916.7
31
229.2
12
3750.0
22
2875.0
32
229.2
13
2833.3
23
2805.6
33
152.8
0
3DFACE
8
SEATING - STALLS
10
2833.3
20
2805.6
30
152.8
11
3750.0
21
2875.0
31
229.2
12
3750.0
22
3833.3
32
229.2
13
2833.3
23
3740.7
33
152.8
0
3DFACE
8
SEATING - STALLS
10
2833.3
20
3740.7
30
152.8
11
3750.0
21
3833.3
31
229.2
12
3750.0
22
4791.7
32
229.2
13
2833.3
23
4675.9
33
152.8
0
3DFACE
8
SEATING - STALLS
10
2833.3
20
4675.9
30
152.8
11
3750.0
21
4791.7
31
229.2
12
3750.0
22
5750.0
32
229.2
13
2833.3
23
5611.1
33
152.8
0
3DFACE
8
SEATING - STALLS
10
2833.3
20
5611.1
30
152.8
11
3750.0
21
5750.0
31
229.2
12
3750.0
22
6708.3
32
229.2
13
2833.3
23
6546.3
33
152.8
0
3DFACE
8
SEATING - STALLS
10
2833.3
20
6546.3
30
152.8
11
3750.0
21
6708.3
31
229.2
12
3750.0
22
7666.7
32
229.2
13
2833.3
23
7481.5
33
152.8
0
3DFACE
8
SEATING - STALLS
10
2833.3
20
7481.5
30
152.8
11
3750.0
21
7666.7
31
229.2
12
3750.0
22
8625.0
32
229.2
13
2833.3
23
8416.7
33
152.8
0
3DFACE
8
SEATING - STALLS
10
3750.0
20
-8625.0
30
229.2
11
4666.7
21
-8833.3
31
305.6
12
4666.7
22
-7851.9
32
305.6
13
3750.0
23
-7666.7
33
229.2
0
3DFACE
8
SEATING - STALLS
10
3750.0
20
-7666.7
30
229.2
11
4666.7
21
-7851.9
31
305.6
12
4666.7
22
-6870.4
32
305.6
13
3750.0
23
-6708.3
33
229.2
0
3DFACE
8
SEATING - STALLS
10
3750.0
20
-6708.3
30
229.2
11
4666.7
21
-6870.4
31
305.6
12
4666.7
22
-5888.9
32
305.6
13
3750.0
23
-5750.0
33
229.2
0
3DFACE
8
SEATING - STALLS
10
3750.0
20
-5750.0
30
229.2
11
4666.7
21
-5888.9
31
305.6
12
4666.7
22
-4907.4
32
305.6
13
3750.0
23
-4791.7
33
229.2
0
3DFACE
8
SEATING - STALLS
10
3750.0
20
-4791.7
30
229.2
11
4666.7
21
-4907.4
31
305.6
12
4666.7
22
-3925.9
32
305.6
13
3750.0
23
-3833.3
33
229.2
0
3DFACE
8
SEATING - STALLS
10
3750.0
20
-3833.3
30
229.2
11
4666.7
21
-3925.9
31
305.6
12
4666.7
22
-2944.4
32
305.6
13
3750.0
23
-2875.0
33
229.2
0
3DFACE
8
SEATING - STALLS
10
3750.0
20
-2875.0
30
229.2
11
4666.7
21
-2944.4
31
305.6
12
4666.7
22
-1963.0
32
305.6
13
3750.0
23
-1916.7
33
229.2
0
3DFACE
8
SEATING - STALLS
10
3750.0
20
-1916.7
30
229.2
11
4666.7
21
-1963.0
31
305.6
12
4666.7
22
-981.5
32
305.6
13
3750.0
23
-958.3
33
229.2
0
3DFACE
8
SEATING - STALLS
10
3750.0
20
-958.3
30
229.2
11
4666.7
21
-981.5
31
305.6
12
4666.7
22
0.0
32
305.6
13
3750.0
23
0.0
33
229.2
0
3DFACE
8
SEATING - STALLS
10
3750.0
20
0.0
30
229.2
11
4666.7
21
0.0
31
305.6
12
4666.7
22
981.5
32
305.6
13
3750.0
23
958.3
33
229.2
0
3DFACE
8
SEATING - STALLS
10
3750.0
20
958.3
30
229.2
11
4666.7
21
981.5
31
305.6
12
4666.7
22
1963.0
32
305.6
13
3750.0
23
1916.7
33
229.2
0
3DFACE
8
SEATING - STALLS
10
3750.0
20
1916.7
30
229.2
11
4666.7
21
1963.0
31
305.6
12
4666.7
22
2944.4
32
305.6
13
3750.0
23
2875.0
33
229.2
0
3DFACE
8
SEATING - STALLS
10
3750.0
20
2875.0
30
229.2
11
4666.7
21
2944.4
31
305.6
12
4666.7
22
3925.9
32
305.6
13
3750.0
23
3833.3
33
229.2
0
3DFACE
8
SEATING - STALLS
10
3750.0
20
3833.3
30
229.2
11
4666.7
21
3925.9
31
305.6
12
4666.7
22
4907.4
32
305.6
13
3750.0
23
4791.7
33
229.2
0
3DFACE
8
SEATING - STALLS
10
3750.0
20
4791.7
30
229.2
11
4666.7
21
4907.4
31
305.6
12
4666.7
22
5888.9
32
305.6
13
3750.0
23
5750.0
33
229.2
0
3DFACE
8
SEATING - STALLS
10
3750.0
20
5750.0
30
229.2
11
4666.7
21
5888.9
31
305.6
12
4666.7
22
6870.4
32
305.6
13
3750.0
23
6708.3
33
229.2
0
3DFACE
8
SEATING - STALLS
10
3750.0
20
6708.3
30
229.2
11
4666.7
21
6870.4
31
305.6
12
4666.7
22
7851.9
32
305.6
13
3750.0
23
7666.7
33
229.2
0
3DFACE
8
SEATING - STALLS
10
3750.0
20
7666.7
30
229.2
11
4666.7
21
7851.9
31
305.6
12
4666.7
22
8833.3
32
305.6
13
3750.0
23
8625.0
33
229.2
0
3DFACE
8
SEATING - STALLS
10
4666.7
20
-8833.3
30
305.6
11
5583.3
21
-9041.7
31
381.9
12
5583.3
22
-8037.0
32
381.9
13
4666.7
23
-7851.9
33
305.6
0
3DFACE
8
SEATING - STALLS
10
4666.7
20
-7851.9
30
305.6
11
5583.3
21
-8037.0
31
381.9
12
5583.3
22
-7032.4
32
381.9
13
4666.7
23
-6870.4
33
305.6
0
3DFACE
8
SEATING - STALLS
10
4666.7
20
-6870.4
30
305.6
11
5583.3
21
-7032.4
31
381.9
12
5583.3
22
-6027.8
32
381.9
13
4666.7
23
-5888.9
33
305.6
0
3DFACE
8
SEATING - STALLS
10
4666.7
20
-5888.9
30
305.6
11
5583.3
21
-6027.8
31
381.9
12
5583.3
22
-5023.1
32
381.9
13
4666.7
23
-4907.4
33
305.6
0
3DFACE
8
SEATING - STALLS
10
4666.7
20
-4907.4
30
305.6
11
5583.3
21
-5023.1
31
381.9
12
5583.3
22
-4018.5
32
381.9
13
4666.7
23
-3925.9
33
305.6
0
3DFACE
8
SEATING - STALLS
10
4666.7
20
-3925.9
30
305.6
11
5583.3
21
-4018.5
31
381.9
12
5583.3
22
-3013.9
32
381.9
13
4666.7
23
-2944.4
33
305.6
0
3DFACE
8
SEATING - STALLS
10
4666.7
20
-2944.4
30
305.6
11
5583.3
21
-3013.9
31
381.9
12
5583.3
22
-2009.3
32
381.9
13
4666.7
23
-1963.0
33
305.6
0
3DFACE
8
SEATING - STALLS
10
4666.7
20
-1963.0
30
305.6
11
5583.3
21
-2009.3
31
381.9
12
5583.3
22
-1004.6
32
381.9
13
4666.7
23
-981.5
33
305.6
0
3DFACE
8
SEATING - STALLS
10
4666.7
20
-981.5
30
305.6
11
5583.3
21
-1004.6
31
381.9
12
5583.3
22
0.0
32
381.9
13
4666.7
23
0.0
33
305.6
0
3DFACE
8
SEATING - STALLS
10
4666.7
20
0.0
30
305.6
11
5583.3
21
0.0
31
381.9
12
5583.3
22
1004.6
32
381.9
13
4666.7
23
981.5
33
305.6
0
3DFACE
8
SEATING - STALLS
10
4666.7
20
981.5
30
305.6
11
5583.3
21
1004.6
31
381.9
12
5583.3
22
2009.3
32
381.9
13
4666.7
23
1963.0
33
305.6
0
3DFACE
8
SEATING - STALLS
10
4666.7
20
1963.0
30
305.6
11
5583.3
21
2009.3
31
381.9
12
5583.3
22
3013.9
32
381.9
13
4666.7
23
2944.4
33
305.6
0
3DFACE
8
SEATING - STALLS
10
4666.7
20
2944.4
30
305.6
11
5583.3
21
3013.9
31
381.9
12
5583.3
22
4018.5
32
381.9
13
4666.7
23
3925.9
33
305.6
0
3DFACE
8
SEATING - STALLS
10
4666.7
20
3925.9
30
305.6
11
5583.3
21
4018.5
31
381.9
12
5583.3
22
5023.1
32
381.9
13
4666.7
23
4907.4
33
305.6
0
3DFACE
8
SEATING - STALLS
10
4666.7
20
4907.4
30
305.6
11
5583.3
21
5023.1
31
381.9
12
5583.3
22
6027.8
32
381.9
13
4666.7
23
5888.9
33
305.6
0
3DFACE
8
SEATING - STALLS
10
4666.7
20
5888.9
30
305.6
11
5583.3
21
6027.8
31
381.9
12
5583.3
22
7032.4
32
381.9
13
4666.7
23
6870.4
33
305.6
0
3DFACE
8
SEATING - STALLS
10
4666.7
20
6870.4
30
305.6
11
5583.3
21
7032.4
31
381.9
12
5583.3
22
8037.0
32
381.9
13
4666.7
23
7851.9
33
305.6
0
3DFACE
8
SEATING - STALLS
10
4666.7
20
7851.9
30
305.6
11
5583.3
21
8037.0
31
381.9
12
5583.3
22
9041.7
32
381.9
13
4666.7
23
8833.3
33
305.6
0
3DFACE
8
SEATING - STALLS
10
5583.3
20
-9041.7
30
381.9
11
6500.0
21
-9250.0
31
458.3
12
6500.0
22
-8222.2
32
458.3
13
5583.3
23
-8037.0
33
381.9
0
3DFACE
8
SEATING - STALLS
10
5583.3
20
-8037.0
30
381.9
11
6500.0
21
-8222.2
31
458.3
12
6500.0
22
-7194.4
32
458.3
13
5583.3
23
-7032.4
33
381.9
0
3DFACE
8
SEATING - STALLS
10
5583.3
20
-7032.4
30
381.9
11
6500.0
21
-7194.4
31
458.3
12
6500.0
22
-6166.7
32
458.3
13
5583.3
23
-6027.8
33
381.9
0
3DFACE
8
SEATING - STALLS
10
5583.3
20
-6027.8
30
381.9
11
6500.0
21
-6166.7
31
458.3
12
6500.0
22
-5138.9
32
458.3
13
5583.3
23
-5023.1
33
381.9
0
3DFACE
8
SEATING - STALLS
10
5583.3
20
-5023.1
30
381.9
11
6500.0
21
-5138.9
31
458.3
12
6500.0
22
-4111.1
32
458.3
13
5583.3
23
-4018.5
33
381.9
0
3DFACE
8
SEATING - STALLS
10
5583.3
20
-4018.5
30
381.9
11
6500.0
21
-4111.1
31
458.3
12
6500.0
22
-3083.3
32
458.3
13
5583.3
23
-3013.9
33
381.9
0
3DFACE
8
SEATING - STALLS
10
5583.3
20
-3013.9
30
381.9
11
6500.0
21
-3083.3
31
458.3
12
6500.0
22
-2055.6
32
458.3
13
5583.3
23
-2009.3
33
381.9
0
3DFACE
8
SEATING - STALLS
10
5583.3
20
-2009.3
30
381.9
11
6500.0
21
-2055.6
31
458.3
12
6500.0
22
-1027.8
32
458.3
13
5583.3
23
-1004.6
33
381.9
0
3DFACE
8
SEATING - STALLS
10
5583.3
20
-1004.6
30
381.9
11
6500.0
21
-1027.8
31
458.3
12
6500.0
22
0.0
32
458.3
13
5583.3
23
0.0
33
381.9
0
3DFACE
8
SEATING - STALLS
10
5583.3
20
0.0
30
381.9
11
6500.0
21
0.0
31
458.3
12
6500.0
22
1027.8
32
458.3
13
5583.3
23
1004.6
33
381.9
0
3DFACE
8
SEATING - STALLS
10
5583.3
20
1004.6
30
381.9
11
6500.0
21
1027.8
31
458.3
12
6500.0
22
2055.6
32
458.3
13
5583.3
23
2009.3
33
381.9
0
3DFACE
8
SEATING - STALLS
10
5583.3
20
2009.3
30
381.9
11
6500.0
21
2055.6
31
458.3
12
6500.0
22
3083.3
32
458.3
13
5583.3
23
3013.9
33
381.9
0
3DFACE
8
SEATING - STALLS
10
5583.3
20
3013.9
30
381.9
11
6500.0
21
3083.3
31
458.3
12
6500.0
22
4111.1
32
458.3
13
5583.3
23
4018.5
33
381.9
0
3DFACE
8
SEATING - STALLS
10
5583.3
20
4018.5
30
381.9
11
6500.0
21
4111.1
31
458.3
12
6500.0
22
5138.9
32
458.3
13
5583.3
23
5023.1
33
381.9
0
3DFACE
8
SEATING - STALLS
10
5583.3
20
5023.1
30
381.9
11
6500.0
21
5138.9
31
458.3
12
6500.0
22
6166.7
32
458.3
13
5583.3
23
6027.8
33
381.9
0
3DFACE
8
SEATING - STALLS
10
5583.3
20
6027.8
30
381.9
11
6500.0
21
6166.7
31
458.3
12
6500.0
22
7194.4
32
458.3
13
5583.3
23
7032.4
33
381.9
0
3DFACE
8
SEATING - STALLS
10
5583.3
20
7032.4
30
381.9
11
6500.0
21
7194.4
31
458.3
12
6500.0
22
8222.2
32
458.3
13
5583.3
23
8037.0
33
381.9
0
3DFACE
8
SEATING - STALLS
10
5583.3
20
8037.0
30
381.9
11
6500.0
21
8222.2
31
458.3
12
6500.0
22
9250.0
32
458.3
13
5583.3
23
9041.7
33
381.9
0
3DFACE
8
SEATING - STALLS
10
6500.0
20
-9250.0
30
458.3
11
7416.7
21
-9458.3
31
534.7
12
7416.7
22
-8407.4
32
534.7
13
6500.0
23
-8222.2
33
458.3
0
3DFACE
8
SEATING - STALLS
10
6500.0
20
-8222.2
30
458.3
11
7416.7
21
-8407.4
31
534.7
12
7416.7
22
-7356.5
32
534.7
13
6500.0
23
-7194.4
33
458.3
0
3DFACE
8
SEATING - STALLS
10
6500.0
20
-7194.4
30
458.3
11
7416.7
21
-7356.5
31
534.7
12
7416.7
22
-6305.6
32
534.7
13
6500.0
23
-6166.7
33
458.3
0
3DFACE
8
SEATING - STALLS
10
6500.0
20
-6166.7
30
458.3
11
7416.7
21
-6305.6
31
534.7
12
7416.7
22
-5254.6
32
534.7
13
6500.0
23
-5138.9
33
458.3
0
3DFACE
8
SEATING - STALLS
10
6500.0
20
-5138.9
30
458.3
11
7416.7
21
-5254.6
31
534.7
12
7416.7
22
-4203.7
32
534.7
13
6500.0
23
-4111.1
33
458.3
0
3DFACE
8
SEATING - STALLS
10
6500.0
20
-4111.1
30
458.3
11
7416.7
21
-4203.7
31
534.7
12
7416.7
22
-3152.8
32
534.7
13
6500.0
23
-3083.3
33
458.3
0
3DFACE
8
SEATING - STALLS
10
6500.0
20
-3083.3
30
458.3
11
7416.7
21
-3152.8
31
534.7
12
7416.7
22
-2101.9
32
534.7
13
6500.0
23
-2055.6
33
458.3
0
3DFACE
8
SEATING - STALLS
10
6500.0
20
-2055.6
30
458.3
11
7416.7
21
-2101.9
31
534.7
12
7416.7
22
-1050.9
32
534.7
13
6500.0
23
-1027.8
33
458.3
0
3DFACE
8
SEATING - STALLS
10
6500.0
20
-1027.8
30
458.3
11
7416.7
21
-1050.9
31
534.7
12
7416.7
22
0.0
32
534.7
13
6500.0
23
0.0
33
458.3
0
3DFACE
8
SEATING - STALLS
10
6500.0
20
0.0
30
458.3
11
7416.7
21
0.0
31
534.7
12
7416.7
22
1050.9
32
534.7
13
6500.0
23
1027.8
33
458.3
0
3DFACE
8
SEATING - STALLS
10
6500.0
20
1027.8
30
458.3
11
7416.7
21
1050.9
31
534.7
12
7416.7
22
2101.9
32
534.7
13
6500.0
23
2055.6
33
458.3
0
3DFACE
8
SEATING - STALLS
10
6500.0
20
2055.6
30
458.3
11
7416.7
21
2101.9
31
534.7
12
7416.7
22
3152.8
32
534.7
13
6500.0
23
3083.3
33
458.3
0
3DFACE
8
SEATING - STALLS
10
6500.0
20
3083.3
30
458.3
11
7416.7
21
3152.8
31
534.7
12
7416.7
22
4203.7
32
534.7
13
6500.0
23
4111.1
33
458.3
0
3DFACE
8
SEATING - STALLS
10
6500.0
20
4111.1
30
458.3
11
7416.7
21
4203.7
31
534.7
12
7416.7
22
5254.6
32
534.7
13
6500.0
23
5138.9
33
458.3
0
3DFACE
8
SEATING - STALLS
10
6500.0
20
5138.9
30
458.3
11
7416.7
21
5254.6
31
534.7
12
7416.7
22
6305.6
32
534.7
13
6500.0
23
6166.7
33
458.3
0
3DFACE
8
SEATING - STALLS
10
6500.0
20
6166.7
30
458.3
11
7416.7
21
6305.6
31
534.7
12
7416.7
22
7356.5
32
534.7
13
6500.0
23
7194.4
33
458.3
0
3DFACE
8
SEATING - STALLS
10
6500.0
20
7194.4
30
458.3
11
7416.7
21
7356.5
31
534.7
12
7416.7
22
8407.4
32
534.7
13
6500.0
23
8222.2
33
458.3
0
3DFACE
8
SEATING - STALLS
10
6500.0
20
8222.2
30
458.3
11
7416.7
21
8407.4
31
534.7
12
7416.7
22
9458.3
32
534.7
13
6500.0
23
9250.0
33
458.3
0
3DFACE
8
SEATING - STALLS
10
7416.7
20
-9458.3
30
534.7
11
8333.3
21
-9666.7
31
611.1
12
8333.3
22
-8592.6
32
611.1
13
7416.7
23
-8407.4
33
534.7
0
3DFACE
8
SEATING - STALLS
10
7416.7
20
-8407.4
30
534.7
11
8333.3
21
-8592.6
31
611.1
12
8333.3
22
-7518.5
32
611.1
13
7416.7
23
-7356.5
33
534.7
0
3DFACE
8
SEATING - STALLS
10
7416.7
20
-7356.5
30
534.7
11
8333.3
21
-7518.5
31
611.1
12
8333.3
22
-6444.4
32
611.1
13
7416.7
23
-6305.6
33
534.7
0
3DFACE
8
SEATING - STALLS
10
7416.7
20
-6305.6
30
534.7
11
8333.3
21
-6444.4
31
611.1
12
8333.3
22
-5370.4
32
611.1
13
7416.7
23
-5254.6
33
534.7
0
3DFACE
8
SEATING - STALLS
10
7416.7
20
-5254.6
30
534.7
11
8333.3
21
-5370.4
31
611.1
12
8333.3
22
-4296.3
32
611.1
13
7416.7
23
-4203.7
33
534.7
0
3DFACE
8
SEATING - STALLS
10
7416.7
20
-4203.7
30
534.7
11
8333.3
21
-4296.3
31
611.1
12
8333.3
22
-3222.2
32
611.1
13
7416.7
23
-3152.8
33
534.7
0
3DFACE
8
SEATING - STALLS
10
7416.7
20
-3152.8
30
534.7
11
8333.3
21
-3222.2
31
611.1
12
8333.3
22
-2148.1
32
611.1
13
7416.7
23
-2101.9
33
534.7
0
3DFACE
8
SEATING - STALLS
10
7416.7
20
-2101.9
30
534.7
11
8333.3
21
-2148.1
31
611.1
12
8333.3
22
-1074.1
32
611.1
13
7416.7
23
-1050.9
33
534.7
0
3DFACE
8
SEATING - STALLS
10
7416.7
20
-1050.9
30
534.7
11
8333.3
21
-1074.1
31
611.1
12
8333.3
22
0.0
32
611.1
13
7416.7
23
0.0
33
534.7
0
3DFACE
8
SEATING - STALLS
10
7416.7
20
0.0
30
534.7
11
8333.3
21
0.0
31
611.1
12
8333.3
22
1074.1
32
611.1
13
7416.7
23
1050.9
33
534.7
0
3DFACE
8
SEATING - STALLS
10
7416.7
20
1050.9
30
534.7
11
8333.3
21
1074.1
31
611.1
12
8333.3
22
2148.1
32
611.1
13
7416.7
23
2101.9
33
534.7
0
3DFACE
8
SEATING - STALLS
10
7416.7
20
2101.9
30
534.7
11
8333.3
21
2148.1
31
611.1
12
8333.3
22
3222.2
32
611.1
13
7416.7
23
3152.8
33
534.7
0
3DFACE
8
SEATING - STALLS
10
7416.7
20
3152.8
30
534.7
11
8333.3
21
3222.2
31
611.1
12
8333.3
22
4296.3
32
611.1
13
7416.7
23
4203.7
33
534.7
0
3DFACE
8
SEATING - STALLS
10
7416.7
20
4203.7
30
534.7
11
8333.3
21
4296.3
31
611.1
12
8333.3
22
5370.4
32
611.1
13
7416.7
23
5254.6
33
534.7
0
3DFACE
8
SEATING - STALLS
10
7416.7
20
5254.6
30
534.7
11
8333.3
21
5370.4
31
611.1
12
8333.3
22
6444.4
32
611.1
13
7416.7
23
6305.6
33
534.7
0
3DFACE
8
SEATING - STALLS
10
7416.7
20
6305.6
30
534.7
11
8333.3
21
6444.4
31
611.1
12
8333.3
22
7518.5
32
611.1
13
7416.7
23
7356.5
33
534.7
0
3DFACE
8
SEATING - STALLS
10
7416.7
20
7356.5
30
534.7
11
8333.3
21
7518.5
31
611.1
12
8333.3
22
8592.6
32
611.1
13
7416.7
23
8407.4
33
534.7
0
3DFACE
8
SEATING - STALLS
10
7416.7
20
8407.4
30
534.7
11
8333.3
21
8592.6
31
611.1
12
8333.3
22
9666.7
32
611.1
13
7416.7
23
9458.3
33
534.7
0
3DFACE
8
SEATING - STALLS
10
8333.3
20
-9666.7
30
611.1
11
9250.0
21
-9875.0
31
687.5
12
9250.0
22
-8777.8
32
687.5
13
8333.3
23
-8592.6
33
611.1
0
3DFACE
8
SEATING - STALLS
10
8333.3
20
-8592.6
30
611.1
11
9250.0
21
-8777.8
31
687.5
12
9250.0
22
-7680.6
32
687.5
13
8333.3
23
-7518.5
33
611.1
0
3DFACE
8
SEATING - STALLS
10
8333.3
20
-7518.5
30
611.1
11
9250.0
21
-7680.6
31
687.5
12
9250.0
22
-6583.3
32
687.5
13
8333.3
23
-6444.4
33
611.1
0
3DFACE
8
SEATING - STALLS
10
8333.3
20
-6444.4
30
611.1
11
9250.0
21
-6583.3
31
687.5
12
9250.0
22
-5486.1
32
687.5
13
8333.3
23
-5370.4
33
611.1
0
3DFACE
8
SEATING - STALLS
10
8333.3
20
-5370.4
30
611.1
11
9250.0
21
-5486.1
31
687.5
12
9250.0
22
-4388.9
32
687.5
13
8333.3
23
-4296.3
33
611.1
0
3DFACE
8
SEATING - STALLS
10
8333.3
20
-4296.3
30
611.1
11
9250.0
21
-4388.9
31
687.5
12
9250.0
22
-3291.7
32
687.5
13
8333.3
23
-3222.2
33
611.1
0
3DFACE
8
SEATING - STALLS
10
8333.3
20
-3222.2
30
611.1
11
9250.0
21
-3291.7
31
687.5
12
9250.0
22
-2194.4
32
687.5
13
8333.3
23
-2148.1
33
611.1
0
3DFACE
8
SEATING - STALLS
10
8333.3
20
-2148.1
30
611.1
11
9250.0
21
-2194.4
31
687.5
12
9250.0
22
-1097.2
32
687.5
13
8333.3
23
-1074.1
33
611.1
0
3DFACE
8
SEATING - STALLS
10
8333.3
20
-1074.1
30
611.1
11
9250.0
21
-1097.2
31
687.5
12
9250.0
22
0.0
32
687.5
13
8333.3
23
0.0
33
611.1
0
3DFACE
8
SEATING - STALLS
10
8333.3
20
0.0
30
611.1
11
9250.0
21
0.0
31
687.5
12
9250.0
22
1097.2
32
687.5
13
8333.3
23
1074.1
33
611.1
0
3DFACE
8
SEATING - STALLS
10
8333.3
20
1074.1
30
611.1
11
9250.0
21
1097.2
31
687.5
12
9250.0
22
2194.4
32
687.5
13
8333.3
23
2148.1
33
611.1
0
3DFACE
8
SEATING - STALLS
10
8333.3
20
2148.1
30
611.1
11
9250.0
21
2194.4
31
687.5
12
9250.0
22
3291.7
32
687.5
13
8333.3
23
3222.2
33
611.1
0
3DFACE
8
SEATING - STALLS
10
8333.3
20
3222.2
30
611.1
11
9250.0
21
3291.7
31
687.5
12
9250.0
22
4388.9
32
687.5
13
8333.3
23
4296.3
33
611.1
0
3DFACE
8
SEATING - STALLS
10
8333.3
20
4296.3
30
611.1
11
9250.0
21
4388.9
31
687.5
12
9250.0
22
5486.1
32
687.5
13
8333.3
23
5370.4
33
611.1
0
3DFACE
8
SEATING - STALLS
10
8333.3
20
5370.4
30
611.1
11
9250.0
21
5486.1
31
687.5
12
9250.0
22
6583.3
32
687.5
13
8333.3
23
6444.4
33
611.1
0
3DFACE
8
SEATING - STALLS
10
8333.3
20
6444.4
30
611.1
11
9250.0
21
6583.3
31
687.5
12
9250.0
22
7680.6
32
687.5
13
8333.3
23
7518.5
33
611.1
0
3DFACE
8
SEATING - STALLS
10
8333.3
20
7518.5
30
611.1
11
9250.0
21
7680.6
31
687.5
12
9250.0
22
8777.8
32
687.5
13
8333.3
23
8592.6
33
611.1
0
3DFACE
8
SEATING - STALLS
10
8333.3
20
8592.6
30
611.1
11
9250.0
21
8777.8
31
687.5
12
9250.0
22
9875.0
32
687.5
13
8333.3
23
9666.7
33
611.1
0
3DFACE
8
SEATING - STALLS
10
9250.0
20
-9875.0
30
687.5
11
10166.7
21
-10083.3
31
763.9
12
10166.7
22
-8963.0
32
763.9
13
9250.0
23
-8777.8
33
687.5
0
3DFACE
8
SEATING - STALLS
10
9250.0
20
-8777.8
30
687.5
11
10166.7
21
-8963.0
31
763.9
12
10166.7
22
-7842.6
32
763.9
13
9250.0
23
-7680.6
33
687.5
0
3DFACE
8
SEATING - STALLS
10
9250.0
20
-7680.6
30
687.5
11
10166.7
21
-7842.6
31
763.9
12
10166.7
22
-6722.2
32
763.9
13
9250.0
23
-6583.3
33
687.5
0
3DFACE
8
SEATING - STALLS
10
9250.0
20
-6583.3
30
687.5
11
10166.7
21
-6722.2
31
763.9
12
10166.7
22
-5601.9
32
763.9
13
9250.0
23
-5486.1
33
687.5
0
3DFACE
8
SEATING - STALLS
10
9250.0
20
-5486.1
30
687.5
11
10166.7
21
-5601.9
31
763.9
12
10166.7
22
-4481.5
32
763.9
13
9250.0
23
-4388.9
33
687.5
0
3DFACE
8
SEATING - STALLS
10
9250.0
20
-4388.9
30
687.5
11
10166.7
21
-4481.5
31
763.9
12
10166.7
22
-3361.1
32
763.9
13
9250.0
23
-3291.7
33
687.5
0
3DFACE
8
SEATING - STALLS
10
9250.0
20
-3291.7
30
687.5
11
10166.7
21
-3361.1
31
763.9
12
10166.7
22
-2240.7
32
763.9
13
9250.0
23
-2194.4
33
687.5
0
3DFACE
8
SEATING - STALLS
10
9250.0
20
-2194.4
30
687.5
11
10166.7
21
-2240.7
31
763.9
12
10166.7
22
-1120.4
32
763.9
13
9250.0
23
-1097.2
33
687.5
0
3DFACE
8
SEATING - STALLS
10
9250.0
20
-1097.2
30
687.5
11
10166.7
21
-1120.4
31
763.9
12
10166.7
22
0.0
32
763.9
13
9250.0
23
0.0
33
687.5
0
3DFACE
8
SEATING - STALLS
10
9250.0
20
0.0
30
687.5
11
10166.7
21
0.0
31
763.9
12
10166.7
22
1120.4
32
763.9
13
9250.0
23
1097.2
33
687.5
0
3DFACE
8
SEATING - STALLS
10
9250.0
20
1097.2
30
687.5
11
10166.7
21
1120.4
31
763.9
12
10166.7
22
2240.7
32
763.9
13
9250.0
23
2194.4
33
687.5
0
3DFACE
8
SEATING - STALLS
10
9250.0
20
2194.4
30
687.5
11
10166.7
21
2240.7
31
763.9
12
10166.7
22
3361.1
32
763.9
13
9250.0
23
3291.7
33
687.5
0
3DFACE
8
SEATING - STALLS
10
9250.0
20
3291.7
30
687.5
11
10166.7
21
3361.1
31
763.9
12
10166.7
22
4481.5
32
763.9
13
9250.0
23
4388.9
33
687.5
0
3DFACE
8
SEATING - STALLS
10
9250.0
20
4388.9
30
687.5
11
10166.7
21
4481.5
31
763.9
12
10166.7
22
5601.9
32
763.9
13
9250.0
23
5486.1
33
687.5
0
3DFACE
8
SEATING - STALLS
10
9250.0
20
5486.1
30
687.5
11
10166.7
21
5601.9
31
763.9
12
10166.7
22
6722.2
32
763.9
13
9250.0
23
6583.3
33
687.5
0
3DFACE
8
SEATING - STALLS
10
9250.0
20
6583.3
30
687.5
11
10166.7
21
6722.2
31
763.9
12
10166.7
22
7842.6
32
763.9
13
9250.0
23
7680.6
33
687.5
0
3DFACE
8
SEATING - STALLS
10
9250.0
20
7680.6
30
687.5
11
10166.7
21
7842.6
31
763.9
12
10166.7
22
8963.0
32
763.9
13
9250.0
23
8777.8
33
687.5
0
3DFACE
8
SEATING - STALLS
10
9250.0
20
8777.8
30
687.5
11
10166.7
21
8963.0
31
763.9
12
10166.7
22
10083.3
32
763.9
13
9250.0
23
9875.0
33
687.5
0
3DFACE
8
SEATING - STALLS
10
10166.7
20
-10083.3
30
763.9
11
11083.3
21
-10291.7
31
840.3
12
11083.3
22
-9148.1
32
840.3
13
10166.7
23
-8963.0
33
763.9
0
3DFACE
8
SEATING - STALLS
10
10166.7
20
-8963.0
30
763.9
11
11083.3
21
-9148.1
31
840.3
12
11083.3
22
-8004.6
32
840.3
13
10166.7
23
-7842.6
33
763.9
0
3DFACE
8
SEATING - STALLS
10
10166.7
20
-7842.6
30
763.9
11
11083.3
21
-8004.6
31
840.3
12
11083.3
22
-6861.1
32
840.3
13
10166.7
23
-6722.2
33
763.9
0
3DFACE
8
SEATING - STALLS
10
10166.7
20
-6722.2
30
763.9
11
11083.3
21
-6861.1
31
840.3
12
11083.3
22
-5717.6
32
840.3
13
10166.7
23
-5601.9
33
763.9
0
3DFACE
8
SEATING - STALLS
10
10166.7
20
-5601.9
30
763.9
11
11083.3
21
-5717.6
31
840.3
12
11083.3
22
-4574.1
32
840.3
13
10166.7
23
-4481.5
33
763.9
0
3DFACE
8
SEATING - STALLS
10
10166.7
20
-4481.5
30
763.9
11
11083.3
21
-4574.1
31
840.3
12
11083.3
22
-3430.6
32
840.3
13
10166.7
23
-3361.1
33
763.9
0
3DFACE
8
SEATING - STALLS
10
10166.7
20
-3361.1
30
763.9
11
11083.3
21
-3430.6
31
840.3
12
11083.3
22
-2287.0
32
840.3
13
10166.7
23
-2240.7
33
763.9
0
3DFACE
8
SEATING - STALLS
10
10166.7
20
-2240.7
30
763.9
11
11083.3
21
-2287.0
31
840.3
12
11083.3
22
-1143.5
32
840.3
13
10166.7
23
-1120.4
33
763.9
0
3DFACE
8
SEATING - STALLS
10
10166.7
20
-1120.4
30
763.9
11
11083.3
21
-1143.5
31
840.3
12
11083.3
22
0.0
32
840.3
13
10166.7
23
0.0
33
763.9
0
3DFACE
8
SEATING - STALLS
10
10166.7
20
0.0
30
763.9
11
11083.3
21
0.0
31
840.3
12
11083.3
22
1143.5
32
840.3
13
10166.7
23
1120.4
33
763.9
0
3DFACE
8
SEATING - STALLS
10
10166.7
20
1120.4
30
763.9
11
11083.3
21
1143.5
31
840.3
12
11083.3
22
2287.0
32
840.3
13
10166.7
23
2240.7
33
763.9
0
3DFACE
8
SEATING - STALLS
10
10166.7
20
2240.7
30
763.9
11
11083.3
21
2287.0
31
840.3
12
11083.3
22
3430.6
32
840.3
13
10166.7
23
3361.1
33
763.9
0
3DFACE
8
SEATING - STALLS
10
10166.7
20
3361.1
30
763.9
11
11083.3
21
3430.6
31
840.3
12
11083.3
22
4574.1
32
840.3
13
10166.7
23
4481.5
33
763.9
0
3DFACE
8
SEATING - STALLS
10
10166.7
20
4481.5
30
763.9
11
11083.3
21
4574.1
31
840.3
12
11083.3
22
5717.6
32
840.3
13
10166.7
23
5601.9
33
763.9
0
3DFACE
8
SEATING - STALLS
10
10166.7
20
5601.9
30
763.9
11
11083.3
21
5717.6
31
840.3
12
11083.3
22
6861.1
32
840.3
13
10166.7
23
6722.2
33
763.9
0
3DFACE
8
SEATING - STALLS
10
10166.7
20
6722.2
30
763.9
11
11083.3
21
6861.1
31
840.3
12
11083.3
22
8004.6
32
840.3
13
10166.7
23
7842.6
33
763.9
0
3DFACE
8
SEATING - STALLS
10
10166.7
20
7842.6
30
763.9
11
11083.3
21
8004.6
31
840.3
12
11083.3
22
9148.1
32
840.3
13
10166.7
23
8963.0
33
763.9
0
3DFACE
8
SEATING - STALLS
10
10166.7
20
8963.0
30
763.9
11
11083.3
21
9148.1
31
840.3
12
11083.3
22
10291.7
32
840.3
13
10166.7
23
10083.3
33
763.9
0
3DFACE
8
SEATING - STALLS
10
11083.3
20
-10291.7
30
840.3
11
12000.0
21
-10500.0
31
916.7
12
12000.0
22
-9333.3
32
916.7
13
11083.3
23
-9148.1
33
840.3
0
3DFACE
8
SEATING - STALLS
10
11083.3
20
-9148.1
30
840.3
11
12000.0
21
-9333.3
31
916.7
12
12000.0
22
-8166.7
32
916.7
13
11083.3
23
-8004.6
33
840.3
0
3DFACE
8
SEATING - STALLS
10
11083.3
20
-8004.6
30
840.3
11
12000.0
21
-8166.7
31
916.7
12
12000.0
22
-7000.0
32
916.7
13
11083.3
23
-6861.1
33
840.3
0
3DFACE
8
SEATING - STALLS
10
11083.3
20
-6861.1
30
840.3
11
12000.0
21
-7000.0
31
916.7
12
12000.0
22
-5833.3
32
916.7
13
11083.3
23
-5717.6
33
840.3
0
3DFACE
8
SEATING - STALLS
10
11083.3
20
-5717.6
30
840.3
11
12000.0
21
-5833.3
31
916.7
12
12000.0
22
-4666.7
32
916.7
13
11083.3
23
-4574.1
33
840.3
0
3DFACE
8
SEATING - STALLS
10
11083.3
20
-4574.1
30
840.3
11
12000.0
21
-4666.7
31
916.7
12
12000.0
22
-3500.0
32
916.7
13
11083.3
23
-3430.6
33
840.3
0
3DFACE
8
SEATING - STALLS
10
11083.3
20
-3430.6
30
840.3
11
12000.0
21
-3500.0
31
916.7
12
12000.0
22
-2333.3
32
916.7
13
11083.3
23
-2287.0
33
840.3
0
3DFACE
8
SEATING - STALLS
10
11083.3
20
-2287.0
30
840.3
11
12000.0
21
-2333.3
31
916.7
12
12000.0
22
-1166.7
32
916.7
13
11083.3
23
-1143.5
33
840.3
0
3DFACE
8
SEATING - STALLS
10
11083.3
20
-1143.5
30
840.3
11
12000.0
21
-1166.7
31
916.7
12
12000.0
22
0.0
32
916.7
13
11083.3
23
0.0
33
840.3
0
3DFACE
8
SEATING - STALLS
10
11083.3
20
0.0
30
840.3
11
12000.0
21
0.0
31
916.7
12
12000.0
22
1166.7
32
916.7
13
11083.3
23
1143.5
33
840.3
0
3DFACE
8
SEATING - STALLS
10
11083.3
20
1143.5
30
840.3
11
12000.0
21
1166.7
31
916.7
12
12000.0
22
2333.3
32
916.7
13
11083.3
23
2287.0
33
840.3
0
3DFACE
8
SEATING - STALLS
10
11083.3
20
2287.0
30
840.3
11
12000.0
21
2333.3
31
916.7
12
12000.0
22
3500.0
32
916.7
13
11083.3
23
3430.6
33
840.3
0
3DFACE
8
SEATING - STALLS
10
11083.3
20
3430.6
30
840.3
11
12000.0
21
3500.0
31
916.7
12
12000.0
22
4666.7
32
916.7
13
11083.3
23
4574.1
33
840.3
0
3DFACE
8
SEATING - STALLS
10
11083.3
20
4574.1
30
840.3
11
12000.0
21
4666.7
31
916.7
12
12000.0
22
5833.3
32
916.7
13
11083.3
23
5717.6
33
840.3
0
3DFACE
8
SEATING - STALLS
10
11083.3
20
5717.6
30
840.3
11
12000.0
21
5833.3
31
916.7
12
12000.0
22
7000.0
32
916.7
13
11083.3
23
6861.1
33
840.3
0
3DFACE
8
SEATING - STALLS
10
11083.3
20
6861.1
30
840.3
11
12000.0
21
7000.0
31
916.7
12
12000.0
22
8166.7
32
916.7
13
11083.3
23
8004.6
33
840.3
0
3DFACE
8
SEATING - STALLS
10
11083.3
20
8004.6
30
840.3
11
12000.0
21
8166.7
31
916.7
12
12000.0
22
9333.3
32
916.7
13
11083.3
23
9148.1
33
840.3
0
3DFACE
8
SEATING - STALLS
10
11083.3
20
9148.1
30
840.3
11
12000.0
21
9333.3
31
916.7
12
12000.0
22
10500.0
32
916.7
13
11083.3
23
10291.7
33
840.3
0
3DFACE
8
SEATING - STALLS
10
12000.0
20
-10500.0
30
916.7
11
12916.7
21
-10708.3
31
993.1
12
12916.7
22
-9518.5
32
993.1
13
12000.0
23
-9333.3
33
916.7
0
3DFACE
8
SEATING - STALLS
10
12000.0
20
-9333.3
30
916.7
11
12916.7
21
-9518.5
31
993.1
12
12916.7
22
-8328.7
32
993.1
13
12000.0
23
-8166.7
33
916.7
0
3DFACE
8
SEATING - STALLS
10
12000.0
20
-8166.7
30
916.7
11
12916.7
21
-8328.7
31
993.1
12
12916.7
22
-7138.9
32
993.1
13
12000.0
23
-7000.0
33
916.7
0
3DFACE
8
SEATING - STALLS
10
12000.0
20
-7000.0
30
916.7
11
12916.7
21
-7138.9
31
993.1
12
12916.7
22
-5949.1
32
993.1
13
12000.0
23
-5833.3
33
916.7
0
3DFACE
8
SEATING - STALLS
10
12000.0
20
-5833.3
30
916.7
11
12916.7
21
-5949.1
31
993.1
12
12916.7
22
-4759.3
32
993.1
13
12000.0
23
-4666.7
33
916.7
0
3DFACE
8
SEATING - STALLS
10
12000.0
20
-4666.7
30
916.7
11
12916.7
21
-4759.3
31
993.1
12
12916.7
22
-3569.4
32
993.1
13
12000.0
23
-3500.0
33
916.7
0
3DFACE
8
SEATING - STALLS
10
12000.0
20
-3500.0
30
916.7
11
12916.7
21
-3569.4
31
993.1
12
12916.7
22
-2379.6
32
993.1
13
12000.0
23
-2333.3
33
916.7
0
3DFACE
8
SEATING - STALLS
10
12000.0
20
-2333.3
30
916.7
11
12916.7
21
-2379.6
31
993.1
12
12916.7
22
-1189.8
32
993.1
13
12000.0
23
-1166.7
33
916.7
0
3DFACE
8
SEATING - STALLS
10
12000.0
20
-1166.7
30
916.7
11
12916.7
21
-1189.8
31
993.1
12
12916.7
22
0.0
32
993.1
13
12000.0
23
0.0
33
916.7
0
3DFACE
8
SEATING - STALLS
10
12000.0
20
0.0
30
916.7
11
12916.7
21
0.0
31
993.1
12
12916.7
22
1189.8
32
993.1
13
12000.0
23
1166.7
33
916.7
0
3DFACE
8
SEATING - STALLS
10
12000.0
20
1166.7
30
916.7
11
12916.7
21
1189.8
31
993.1
12
12916.7
22
2379.6
32
993.1
13
12000.0
23
2333.3
33
916.7
0
3DFACE
8
SEATING - STALLS
10
12000.0
20
2333.3
30
916.7
11
12916.7
21
2379.6
31
993.1
12
12916.7
22
3569.4
32
993.1
13
12000.0
23
3500.0
33
916.7
0
3DFACE
8
SEATING - STALLS
10
12000.0
20
3500.0
30
916.7
11
12916.7
21
3569.4
31
993.1
12
12916.7
22
4759.3
32
993.1
13
12000.0
23
4666.7
33
916.7
0
3DFACE
8
SEATING - STALLS
10
12000.0
20
4666.7
30
916.7
11
12916.7
21
4759.3
31
993.1
12
12916.7
22
5949.1
32
993.1
13
12000.0
23
5833.3
33
916.7
0
3DFACE
8
SEATING - STALLS
10
12000.0
20
5833.3
30
916.7
11
12916.7
21
5949.1
31
993.1
12
12916.7
22
7138.9
32
993.1
13
12000.0
23
7000.0
33
916.7
0
3DFACE
8
SEATING - STALLS
10
12000.0
20
7000.0
30
916.7
11
12916.7
21
7138.9
31
993.1
12
12916.7
22
8328.7
32
993.1
13
12000.0
23
8166.7
33
916.7
0
3DFACE
8
SEATING - STALLS
10
12000.0
20
8166.7
30
916.7
11
12916.7
21
8328.7
31
993.1
12
12916.7
22
9518.5
32
993.1
13
12000.0
23
9333.3
33
916.7
0
3DFACE
8
SEATING - STALLS
10
12000.0
20
9333.3
30
916.7
11
12916.7
21
9518.5
31
993.1
12
12916.7
22
10708.3
32
993.1
13
12000.0
23
10500.0
33
916.7
0
3DFACE
8
SEATING - STALLS
10
12916.7
20
-10708.3
30
993.1
11
13833.3
21
-10916.7
31
1069.4
12
13833.3
22
-9703.7
32
1069.4
13
12916.7
23
-9518.5
33
993.1
0
3DFACE
8
SEATING - STALLS
10
12916.7
20
-9518.5
30
993.1
11
13833.3
21
-9703.7
31
1069.4
12
13833.3
22
-8490.7
32
1069.4
13
12916.7
23
-8328.7
33
993.1
0
3DFACE
8
SEATING - STALLS
10
12916.7
20
-8328.7
30
993.1
11
13833.3
21
-8490.7
31
1069.4
12
13833.3
22
-7277.8
32
1069.4
13
12916.7
23
-7138.9
33
993.1
0
3DFACE
8
SEATING - STALLS
10
12916.7
20
-7138.9
30
993.1
11
13833.3
21
-7277.8
31
1069.4
12
13833.3
22
-6064.8
32
1069.4
13
12916.7
23
-5949.1
33
993.1
0
3DFACE
8
SEATING - STALLS
10
12916.7
20
-5949.1
30
993.1
11
13833.3
21
-6064.8
31
1069.4
12
13833.3
22
-4851.9
32
1069.4
13
12916.7
23
-4759.3
33
993.1
0
3DFACE
8
SEATING - STALLS
10
12916.7
20
-4759.3
30
993.1
11
13833.3
21
-4851.9
31
1069.4
12
13833.3
22
-3638.9
32
1069.4
13
12916.7
23
-3569.4
33
993.1
0
3DFACE
8
SEATING - STALLS
10
12916.7
20
-3569.4
30
993.1
11
13833.3
21
-3638.9
31
1069.4
12
13833.3
22
-2425.9
32
1069.4
13
12916.7
23
-2379.6
33
993.1
0
3DFACE
8
SEATING - STALLS
10
12916.7
20
-2379.6
30
993.1
11
13833.3
21
-2425.9
31
1069.4
12
13833.3
22
-1213.0
32
1069.4
13
12916.7
23
-1189.8
33
993.1
0
3DFACE
8
SEATING - STALLS
10
12916.7
20
-1189.8
30
993.1
11
13833.3
21
-1213.0
31
1069.4
12
13833.3
22
0.0
32
1069.4
13
12916.7
23
0.0
33
993.1
0
3DFACE
8
SEATING - STALLS
10
12916.7
20
0.0
30
993.1
11
13833.3
21
0.0
31
1069.4
12
13833.3
22
1213.0
32
1069.4
13
12916.7
23
1189.8
33
993.1
0
3DFACE
8
SEATING - STALLS
10
12916.7
20
1189.8
30
993.1
11
13833.3
21
1213.0
31
1069.4
12
13833.3
22
2425.9
32
1069.4
13
12916.7
23
2379.6
33
993.1
0
3DFACE
8
SEATING - STALLS
10
12916.7
20
2379.6
30
993.1
11
13833.3
21
2425.9
31
1069.4
12
13833.3
22
3638.9
32
1069.4
13
12916.7
23
3569.4
33
993.1
0
3DFACE
8
SEATING - STALLS
10
12916.7
20
3569.4
30
993.1
11
13833.3
21
3638.9
31
1069.4
12
13833.3
22
4851.9
32
1069.4
13
12916.7
23
4759.3
33
993.1
0
3DFACE
8
SEATING - STALLS
10
12916.7
20
4759.3
30
993.1
11
13833.3
21
4851.9
31
1069.4
12
13833.3
22
6064.8
32
1069.4
13
12916.7
23
5949.1
33
993.1
0
3DFACE
8
SEATING - STALLS
10
12916.7
20
5949.1
30
993.1
11
13833.3
21
6064.8
31
1069.4
12
13833.3
22
7277.8
32
1069.4
13
12916.7
23
7138.9
33
993.1
0
3DFACE
8
SEATING - STALLS
10
12916.7
20
7138.9
30
993.1
11
13833.3
21
7277.8
31
1069.4
12
13833.3
22
8490.7
32
1069.4
13
12916.7
23
8328.7
33
993.1
0
3DFACE
8
SEATING - STALLS
10
12916.7
20
8328.7
30
993.1
11
13833.3
21
8490.7
31
1069.4
12
13833.3
22
9703.7
32
1069.4
13
12916.7
23
9518.5
33
993.1
0
3DFACE
8
SEATING - STALLS
10
12916.7
20
9518.5
30
993.1
11
13833.3
21
9703.7
31
1069.4
12
13833.3
22
10916.7
32
1069.4
13
12916.7
23
10708.3
33
993.1
0
3DFACE
8
SEATING - STALLS
10
13833.3
20
-10916.7
30
1069.4
11
14750.0
21
-11125.0
31
1145.8
12
14750.0
22
-9888.9
32
1145.8
13
13833.3
23
-9703.7
33
1069.4
0
3DFACE
8
SEATING - STALLS
10
13833.3
20
-9703.7
30
1069.4
11
14750.0
21
-9888.9
31
1145.8
12
14750.0
22
-8652.8
32
1145.8
13
13833.3
23
-8490.7
33
1069.4
0
3DFACE
8
SEATING - STALLS
10
13833.3
20
-8490.7
30
1069.4
11
14750.0
21
-8652.8
31
1145.8
12
14750.0
22
-7416.7
32
1145.8
13
13833.3
23
-7277.8
33
1069.4
0
3DFACE
8
SEATING - STALLS
10
13833.3
20
-7277.8
30
1069.4
11
14750.0
21
-7416.7
31
1145.8
12
14750.0
22
-6180.6
32
1145.8
13
13833.3
23
-6064.8
33
1069.4
0
3DFACE
8
SEATING - STALLS
10
13833.3
20
-6064.8
30
1069.4
11
14750.0
21
-6180.6
31
1145.8
12
14750.0
22
-4944.4
32
1145.8
13
13833.3
23
-4851.9
33
1069.4
0
3DFACE
8
SEATING - STALLS
10
13833.3
20
-4851.9
30
1069.4
11
14750.0
21
-4944.4
31
1145.8
12
14750.0
22
-3708.3
32
1145.8
13
13833.3
23
-3638.9
33
1069.4
0
3DFACE
8
SEATING - STALLS
10
13833.3
20
-3638.9
30
1069.4
11
14750.0
21
-3708.3
31
1145.8
12
14750.0
22
-2472.2
32
1145.8
13
13833.3
23
-2425.9
33
1069.4
0
3DFACE
8
SEATING - STALLS
10
13833.3
20
-2425.9
30
1069.4
11
14750.0
21
-2472.2
31
1145.8
12
14750.0
22
-1236.1
32
1145.8
13
13833.3
23
-1213.0
33
1069.4
0
3DFACE
8
SEATING - STALLS
10
13833.3
20
-1213.0
30
1069.4
11
14750.0
21
-1236.1
31
1145.8
12
14750.0
22
0.0
32
1145.8
13
13833.3
23
0.0
33
1069.4
0
3DFACE
8
SEATING - STALLS
10
13833.3
20
0.0
30
1069.4
11
14750.0
21
0.0
31
1145.8
12
14750.0
22
1236.1
32
1145.8
13
13833.3
23
1213.0
33
1069.4
0
3DFACE
8
SEATING - STALLS
10
13833.3
20
1213.0
30
1069.4
11
14750.0
21
1236.1
31
1145.8
12
14750.0
22
2472.2
32
1145.8
13
13833.3
23
2425.9
33
1069.4
0
3DFACE
8
SEATING - STALLS
10
13833.3
20
2425.9
30
1069.4
11
14750.0
21
2472.2
31
1145.8
12
14750.0
22
3708.3
32
1145.8
13
13833.3
23
3638.9
33
1069.4
0
3DFACE
8
SEATING - STALLS
10
13833.3
20
3638.9
30
1069.4
11
14750.0
21
3708.3
31
1145.8
12
14750.0
22
4944.4
32
1145.8
13
13833.3
23
4851.9
33
1069.4
0
3DFACE
8
SEATING - STALLS
10
13833.3
20
4851.9
30
1069.4
11
14750.0
21
4944.4
31
1145.8
12
14750.0
22
6180.6
32
1145.8
13
13833.3
23
6064.8
33
1069.4
0
3DFACE
8
SEATING - STALLS
10
13833.3
20
6064.8
30
1069.4
11
14750.0
21
6180.6
31
1145.8
12
14750.0
22
7416.7
32
1145.8
13
13833.3
23
7277.8
33
1069.4
0
3DFACE
8
SEATING - STALLS
10
13833.3
20
7277.8
30
1069.4
11
14750.0
21
7416.7
31
1145.8
12
14750.0
22
8652.8
32
1145.8
13
13833.3
23
8490.7
33
1069.4
0
3DFACE
8
SEATING - STALLS
10
13833.3
20
8490.7
30
1069.4
11
14750.0
21
8652.8
31
1145.8
12
14750.0
22
9888.9
32
1145.8
13
13833.3
23
9703.7
33
1069.4
0
3DFACE
8
SEATING - STALLS
10
13833.3
20
9703.7
30
1069.4
11
14750.0
21
9888.9
31
1145.8
12
14750.0
22
11125.0
32
1145.8
13
13833.3
23
10916.7
33
1069.4
0
3DFACE
8
SEATING - STALLS
10
14750.0
20
-11125.0
30
1145.8
11
15666.7
21
-11333.3
31
1222.2
12
15666.7
22
-10074.1
32
1222.2
13
14750.0
23
-9888.9
33
1145.8
0
3DFACE
8
SEATING - STALLS
10
14750.0
20
-9888.9
30
1145.8
11
15666.7
21
-10074.1
31
1222.2
12
15666.7
22
-8814.8
32
1222.2
13
14750.0
23
-8652.8
33
1145.8
0
3DFACE
8
SEATING - STALLS
10
14750.0
20
-8652.8
30
1145.8
11
15666.7
21
-8814.8
31
1222.2
12
15666.7
22
-7555.6
32
1222.2
13
14750.0
23
-7416.7
33
1145.8
0
3DFACE
8
SEATING - STALLS
10
14750.0
20
-7416.7
30
1145.8
11
15666.7
21
-7555.6
31
1222.2
12
15666.7
22
-6296.3
32
1222.2
13
14750.0
23
-6180.6
33
1145.8
0
3DFACE
8
SEATING - STALLS
10
14750.0
20
-6180.6
30
1145.8
11
15666.7
21
-6296.3
31
1222.2
12
15666.7
22
-5037.0
32
1222.2
13
14750.0
23
-4944.4
33
1145.8
0
3DFACE
8
SEATING - STALLS
10
14750.0
20
-4944.4
30
1145.8
11
15666.7
21
-5037.0
31
1222.2
12
15666.7
22
-3777.8
32
1222.2
13
14750.0
23
-3708.3
33
1145.8
0
3DFACE
8
SEATING - STALLS
10
14750.0
20
-3708.3
30
1145.8
11
15666.7
21
-3777.8
31
1222.2
12
15666.7
22
-2518.5
32
1222.2
13
14750.0
23
-2472.2
33
1145.8
0
3DFACE
8
SEATING - STALLS
10
14750.0
20
-2472.2
30
1145.8
11
15666.7
21
-2518.5
31
1222.2
12
15666.7
22
-1259.3
32
1222.2
13
14750.0
23
-1236.1
33
1145.8
0
3DFACE
8
SEATING - STALLS
10
14750.0
20
-1236.1
30
1145.8
11
15666.7
21
-1259.3
31
1222.2
12
15666.7
22
0.0
32
1222.2
13
14750.0
23
0.0
33
1145.8
0
3DFACE
8
SEATING - STALLS
10
14750.0
20
0.0
30
1145.8
11
15666.7
21
0.0
31
1222.2
12
15666.7
22
1259.3
32
1222.2
13
14750.0
23
1236.1
33
1145.8
0
3DFACE
8
SEATING - STALLS
10
14750.0
20
1236.1
30
1145.8
11
15666.7
21
1259.3
31
1222.2
12
15666.7
22
2518.5
32
1222.2
13
14750.0
23
2472.2
33
1145.8
0
3DFACE
8
SEATING - STALLS
10
14750.0
20
2472.2
30
1145.8
11
15666.7
21
2518.5
31
1222.2
12
15666.7
22
3777.8
32
1222.2
13
14750.0
23
3708.3
33
1145.8
0
3DFACE
8
SEATING - STALLS
10
14750.0
20
3708.3
30
1145.8
11
15666.7
21
3777.8
31
1222.2
12
15666.7
22
5037.0
32
1222.2
13
14750.0
23
4944.4
33
1145.8
0
3DFACE
8
SEATING - STALLS
10
14750.0
20
4944.4
30
1145.8
11
15666.7
21
5037.0
31
1222.2
12
15666.7
22
6296.3
32
1222.2
13
14750.0
23
6180.6
33
1145.8
0
3DFACE
8
SEATING - STALLS
10
14750.0
20
6180.6
30
1145.8
11
15666.7
21
6296.3
31
1222.2
12
15666.7
22
7555.6
32
1222.2
13
14750.0
23
7416.7
33
1145.8
0
3DFACE
8
SEATING - STALLS
10
14750.0
20
7416.7
30
1145.8
11
15666.7
21
7555.6
31
1222.2
12
15666.7
22
8814.8
32
1222.2
13
14750.0
23
8652.8
33
1145.8
0
3DFACE
8
SEATING - STALLS
10
14750.0
20
8652.8
30
1145.8
11
15666.7
21
8814.8
31
1222.2
12
15666.7
22
10074.1
32
1222.2
13
14750.0
23
9888.9
33
1145.8
0
3DFACE
8
SEATING - STALLS
10
14750.0
20
9888.9
30
1145.8
11
15666.7
21
10074.1
31
1222.2
12
15666.7
22
11333.3
32
1222.2
13
14750.0
23
11125.0
33
1145.8
0
3DFACE
8
SEATING - STALLS
10
15666.7
20
-11333.3
30
1222.2
11
16583.3
21
-11541.7
31
1298.6
12
16583.3
22
-10259.3
32
1298.6
13
15666.7
23
-10074.1
33
1222.2
0
3DFACE
8
SEATING - STALLS
10
15666.7
20
-10074.1
30
1222.2
11
16583.3
21
-10259.3
31
1298.6
12
16583.3
22
-8976.9
32
1298.6
13
15666.7
23
-8814.8
33
1222.2
0
3DFACE
8
SEATING - STALLS
10
15666.7
20
-8814.8
30
1222.2
11
16583.3
21
-8976.9
31
1298.6
12
16583.3
22
-7694.4
32
1298.6
13
15666.7
23
-7555.6
33
1222.2
0
3DFACE
8
SEATING - STALLS
10
15666.7
20
-7555.6
30
1222.2
11
16583.3
21
-7694.4
31
1298.6
12
16583.3
22
-6412.0
32
1298.6
13
15666.7
23
-6296.3
33
1222.2
0
3DFACE
8
SEATING - STALLS
10
15666.7
20
-6296.3
30
1222.2
11
16583.3
21
-6412.0
31
1298.6
12
16583.3
22
-5129.6
32
1298.6
13
15666.7
23
-5037.0
33
1222.2
0
3DFACE
8
SEATING - STALLS
10
15666.7
20
-5037.0
30
1222.2
11
16583.3
21
-5129.6
31
1298.6
12
16583.3
22
-3847.2
32
1298.6
13
15666.7
23
-3777.8
33
1222.2
0
3DFACE
8
SEATING - STALLS
10
15666.7
20
-3777.8
30
1222.2
11
16583.3
21
-3847.2
31
1298.6
12
16583.3
22
-2564.8
32
1298.6
13
15666.7
23
-2518.5
33
1222.2
0
3DFACE
8
SEATING - STALLS
10
15666.7
20
-2518.5
30
1222.2
11
16583.3
21
-2564.8
31
1298.6
12
16583.3
22
-1282.4
32
1298.6
13
15666.7
23
-1259.3
33
1222.2
0
3DFACE
8
SEATING - STALLS
10
15666.7
20
-1259.3
30
1222.2
11
16583.3
21
-1282.4
31
1298.6
12
16583.3
22
0.0
32
1298.6
13
15666.7
23
0.0
33
1222.2
0
3DFACE
8
SEATING - STALLS
10
15666.7
20
0.0
30
1222.2
11
16583.3
21
0.0
31
1298.6
12
16583.3
22
1282.4
32
1298.6
13
15666.7
23
1259.3
33
1222.2
0
3DFACE
8
SEATING - STALLS
10
15666.7
20
1259.3
30
1222.2
11
16583.3
21
1282.4
31
1298.6
12
16583.3
22
2564.8
32
1298.6
13
15666.7
23
2518.5
33
1222.2
0
3DFACE
8
SEATING - STALLS
10
15666.7
20
2518.5
30
1222.2
11
16583.3
21
2564.8
31
1298.6
12
16583.3
22
3847.2
32
1298.6
13
15666.7
23
3777.8
33
1222.2
0
3DFACE
8
SEATING - STALLS
10
15666.7
20
3777.8
30
1222.2
11
16583.3
21
3847.2
31
1298.6
12
16583.3
22
5129.6
32
1298.6
13
15666.7
23
5037.0
33
1222.2
0
3DFACE
8
SEATING - STALLS
10
15666.7
20
5037.0
30
1222.2
11
16583.3
21
5129.6
31
1298.6
12
16583.3
22
6412.0
32
1298.6
13
15666.7
23
6296.3
33
1222.2
0
3DFACE
8
SEATING - STALLS
10
15666.7
20
6296.3
30
1222.2
11
16583.3
21
6412.0
31
1298.6
12
16583.3
22
7694.4
32
1298.6
13
15666.7
23
7555.6
33
1222.2
0
3DFACE
8
SEATING - STALLS
10
15666.7
20
7555.6
30
1222.2
11
16583.3
21
7694.4
31
1298.6
12
16583.3
22
8976.9
32
1298.6
13
15666.7
23
8814.8
33
1222.2
0
3DFACE
8
SEATING - STALLS
10
15666.7
20
8814.8
30
1222.2
11
16583.3
21
8976.9
31
1298.6
12
16583.3
22
10259.3
32
1298.6
13
15666.7
23
10074.1
33
1222.2
0
3DFACE
8
SEATING - STALLS
10
15666.7
20
10074.1
30
1222.2
11
16583.3
21
10259.3
31
1298.6
12
16583.3
22
11541.7
32
1298.6
13
15666.7
23
11333.3
33
1222.2
0
3DFACE
8
SEATING - STALLS
10
16583.3
20
-11541.7
30
1298.6
11
17500.0
21
-11750.0
31
1375.0
12
17500.0
22
-10444.4
32
1375.0
13
16583.3
23
-10259.3
33
1298.6
0
3DFACE
8
SEATING - STALLS
10
16583.3
20
-10259.3
30
1298.6
11
17500.0
21
-10444.4
31
1375.0
12
17500.0
22
-9138.9
32
1375.0
13
16583.3
23
-8976.9
33
1298.6
0
3DFACE
8
SEATING - STALLS
10
16583.3
20
-8976.9
30
1298.6
11
17500.0
21
-9138.9
31
1375.0
12
17500.0
22
-7833.3
32
1375.0
13
16583.3
23
-7694.4
33
1298.6
0
3DFACE
8
SEATING - STALLS
10
16583.3
20
-7694.4
30
1298.6
11
17500.0
21
-7833.3
31
1375.0
12
17500.0
22
-6527.8
32
1375.0
13
16583.3
23
-6412.0
33
1298.6
0
3DFACE
8
SEATING - STALLS
10
16583.3
20
-6412.0
30
1298.6
11
17500.0
21
-6527.8
31
1375.0
12
17500.0
22
-5222.2
32
1375.0
13
16583.3
23
-5129.6
33
1298.6
0
3DFACE
8
SEATING - STALLS
10
16583.3
20
-5129.6
30
1298.6
11
17500.0
21
-5222.2
31
1375.0
12
17500.0
22
-3916.7
32
1375.0
13
16583.3
23
-3847.2
33
1298.6
0
3DFACE
8
SEATING - STALLS
10
16583.3
20
-3847.2
30
1298.6
11
17500.0
21
-3916.7
31
1375.0
12
17500.0
22
-2611.1
32
1375.0
13
16583.3
23
-2564.8
33
1298.6
0
3DFACE
8
SEATING - STALLS
10
16583.3
20
-2564.8
30
1298.6
11
17500.0
21
-2611.1
31
1375.0
12
17500.0
22
-1305.6
32
1375.0
13
16583.3
23
-1282.4
33
1298.6
0
3DFACE
8
SEATING - STALLS
10
16583.3
20
-1282.4
30
1298.6
11
17500.0
21
-1305.6
31
1375.0
12
17500.0
22
0.0
32
1375.0
13
16583.3
23
0.0
33
1298.6
0
3DFACE
8
SEATING - STALLS
10
16583.3
20
0.0
30
1298.6
11
17500.0
21
0.0
31
1375.0
12
17500.0
22
1305.6
32
1375.0
13
16583.3
23
1282.4
33
1298.6
0
3DFACE
8
SEATING - STALLS
10
16583.3
20
1282.4
30
1298.6
11
17500.0
21
1305.6
31
1375.0
12
17500.0
22
2611.1
32
1375.0
13
16583.3
23
2564.8
33
1298.6
0
3DFACE
8
SEATING - STALLS
10
16583.3
20
2564.8
30
1298.6
11
17500.0
21
2611.1
31
1375.0
12
17500.0
22
3916.7
32
1375.0
13
16583.3
23
3847.2
33
1298.6
0
3DFACE
8
SEATING - STALLS
10
16583.3
20
3847.2
30
1298.6
11
17500.0
21
3916.7
31
1375.0
12
17500.0
22
5222.2
32
1375.0
13
16583.3
23
5129.6
33
1298.6
0
3DFACE
8
SEATING - STALLS
10
16583.3
20
5129.6
30
1298.6
11
17500.0
21
5222.2
31
1375.0
12
17500.0
22
6527.8
32
1375.0
13
16583.3
23
6412.0
33
1298.6
0
3DFACE
8
SEATING - STALLS
10
16583.3
20
6412.0
30
1298.6
11
17500.0
21
6527.8
31
1375.0
12
17500.0
22
7833.3
32
1375.0
13
16583.3
23
7694.4
33
1298.6
0
3DFACE
8
SEATING - STALLS
10
16583.3
20
7694.4
30
1298.6
11
17500.0
21
7833.3
31
1375.0
12
17500.0
22
9138.9
32
1375.0
13
16583.3
23
8976.9
33
1298.6
0
3DFACE
8
SEATING - STALLS
10
16583.3
20
8976.9
30
1298.6
11
17500.0
21
9138.9
31
1375.0
12
17500.0
22
10444.4
32
1375.0
13
16583.3
23
10259.3
33
1298.6
0
3DFACE
8
SEATING - STALLS
10
16583.3
20
10259.3
30
1298.6
11
17500.0
21
10444.4
31
1375.0
12
17500.0
22
11750.0
32
1375.0
13
16583.3
23
11541.7
33
1298.6
0
3DFACE
8
SEATING - STALLS
10
17500.0
20
-11750.0
30
1375.0
11
18416.7
21
-11958.3
31
1451.4
12
18416.7
22
-10629.6
32
1451.4
13
17500.0
23
-10444.4
33
1375.0
0
3DFACE
8
SEATING - STALLS
10
17500.0
20
-10444.4
30
1375.0
11
18416.7
21
-10629.6
31
1451.4
12
18416.7
22
-9300.9
32
1451.4
13
17500.0
23
-9138.9
33
1375.0
0
3DFACE
8
SEATING - STALLS
10
17500.0
20
-9138.9
30
1375.0
11
18416.7
21
-9300.9
31
1451.4
12
18416.7
22
-7972.2
32
1451.4
13
17500.0
23
-7833.3
33
1375.0
0
3DFACE
8
SEATING - STALLS
10
17500.0
20
-7833.3
30
1375.0
11
18416.7
21
-7972.2
31
1451.4
12
18416.7
22
-6643.5
32
1451.4
13
17500.0
23
-6527.8
33
1375.0
0
3DFACE
8
SEATING - STALLS
10
17500.0
20
-6527.8
30
1375.0
11
18416.7
21
-6643.5
31
1451.4
12
18416.7
22
-5314.8
32
1451.4
13
17500.0
23
-5222.2
33
1375.0
0
3DFACE
8
SEATING - STALLS
10
17500.0
20
-5222.2
30
1375.0
11
18416.7
21
-5314.8
31
1451.4
12
18416.7
22
-3986.1
32
1451.4
13
17500.0
23
-3916.7
33
1375.0
0
3DFACE
8
SEATING - STALLS
10
17500.0
20
-3916.7
30
1375.0
11
18416.7
21
-3986.1
31
1451.4
12
18416.7
22
-2657.4
32
1451.4
13
17500.0
23
-2611.1
33
1375.0
0
3DFACE
8
SEATING - STALLS
10
17500.0
20
-2611.1
30
1375.0
11
18416.7
21
-2657.4
31
1451.4
12
18416.7
22
-1328.7
32
1451.4
13
17500.0
23
-1305.6
33
1375.0
0
3DFACE
8
SEATING - STALLS
10
17500.0
20
-1305.6
30
1375.0
11
18416.7
21
-1328.7
31
1451.4
12
18416.7
22
0.0
32
1451.4
13
17500.0
23
0.0
33
1375.0
0
3DFACE
8
SEATING - STALLS
10
17500.0
20
0.0
30
1375.0
11
18416.7
21
0.0
31
1451.4
12
18416.7
22
1328.7
32
1451.4
13
17500.0
23
1305.6
33
1375.0
0
3DFACE
8
SEATING - STALLS
10
17500.0
20
1305.6
30
1375.0
11
18416.7
21
1328.7
31
1451.4
12
18416.7
22
2657.4
32
1451.4
13
17500.0
23
2611.1
33
1375.0
0
3DFACE
8
SEATING - STALLS
10
17500.0
20
2611.1
30
1375.0
11
18416.7
21
2657.4
31
1451.4
12
18416.7
22
3986.1
32
1451.4
13
17500.0
23
3916.7
33
1375.0
0
3DFACE
8
SEATING - STALLS
10
17500.0
20
3916.7
30
1375.0
11
18416.7
21
3986.1
31
1451.4
12
18416.7
22
5314.8
32
1451.4
13
17500.0
23
5222.2
33
1375.0
0
3DFACE
8
SEATING - STALLS
10
17500.0
20
5222.2
30
1375.0
11
18416.7
21
5314.8
31
1451.4
12
18416.7
22
6643.5
32
1451.4
13
17500.0
23
6527.8
33
1375.0
0
3DFACE
8
SEATING - STALLS
10
17500.0
20
6527.8
30
1375.0
11
18416.7
21
6643.5
31
1451.4
12
18416.7
22
7972.2
32
1451.4
13
17500.0
23
7833.3
33
1375.0
0
3DFACE
8
SEATING - STALLS
10
17500.0
20
7833.3
30
1375.0
11
18416.7
21
7972.2
31
1451.4
12
18416.7
22
9300.9
32
1451.4
13
17500.0
23
9138.9
33
1375.0
0
3DFACE
8
SEATING - STALLS
10
17500.0
20
9138.9
30
1375.0
11
18416.7
21
9300.9
31
1451.4
12
18416.7
22
10629.6
32
1451.4
13
17500.0
23
10444.4
33
1375.0
0
3DFACE
8
SEATING - STALLS
10
17500.0
20
10444.4
30
1375.0
11
18416.7
21
10629.6
31
1451.4
12
18416.7
22
11958.3
32
1451.4
13
17500.0
23
11750.0
33
1375.0
0
3DFACE
8
SEATING - STALLS
10
18416.7
20
-11958.3
30
1451.4
11
19333.3
21
-12166.7
31
1527.8
12
19333.3
22
-10814.8
32
1527.8
13
18416.7
23
-10629.6
33
1451.4
0
3DFACE
8
SEATING - STALLS
10
18416.7
20
-10629.6
30
1451.4
11
19333.3
21
-10814.8
31
1527.8
12
19333.3
22
-9463.0
32
1527.8
13
18416.7
23
-9300.9
33
1451.4
0
3DFACE
8
SEATING - STALLS
10
18416.7
20
-9300.9
30
1451.4
11
19333.3
21
-9463.0
31
1527.8
12
19333.3
22
-8111.1
32
1527.8
13
18416.7
23
-7972.2
33
1451.4
0
3DFACE
8
SEATING - STALLS
10
18416.7
20
-7972.2
30
1451.4
11
19333.3
21
-8111.1
31
1527.8
12
19333.3
22
-6759.3
32
1527.8
13
18416.7
23
-6643.5
33
1451.4
0
3DFACE
8
SEATING - STALLS
10
18416.7
20
-6643.5
30
1451.4
11
19333.3
21
-6759.3
31
1527.8
12
19333.3
22
-5407.4
32
1527.8
13
18416.7
23
-5314.8
33
1451.4
0
3DFACE
8
SEATING - STALLS
10
18416.7
20
-5314.8
30
1451.4
11
19333.3
21
-5407.4
31
1527.8
12
19333.3
22
-4055.6
32
1527.8
13
18416.7
23
-3986.1
33
1451.4
0
3DFACE
8
SEATING - STALLS
10
18416.7
20
-3986.1
30
1451.4
11
19333.3
21
-4055.6
31
1527.8
12
19333.3
22
-2703.7
32
1527.8
13
18416.7
23
-2657.4
33
1451.4
0
3DFACE
8
SEATING - STALLS
10
18416.7
20
-2657.4
30
1451.4
11
19333.3
21
-2703.7
31
1527.8
12
19333.3
22
-1351.9
32
1527.8
13
18416.7
23
-1328.7
33
1451.4
0
3DFACE
8
SEATING - STALLS
10
18416.7
20
-1328.7
30
1451.4
11
19333.3
21
-1351.9
31
1527.8
12
19333.3
22
0.0
32
1527.8
13
18416.7
23
0.0
33
1451.4
0
3DFACE
8
SEATING - STALLS
10
18416.7
20
0.0
30
1451.4
11
19333.3
21
0.0
31
1527.8
12
19333.3
22
1351.9
32
1527.8
13
18416.7
23
1328.7
33
1451.4
0
3DFACE
8
SEATING - STALLS
10
18416.7
20
1328.7
30
1451.4
11
19333.3
21
1351.9
31
1527.8
12
19333.3
22
2703.7
32
1527.8
13
18416.7
23
2657.4
33
1451.4
0
3DFACE
8
SEATING - STALLS
10
18416.7
20
2657.4
30
1451.4
11
19333.3
21
2703.7
31
1527.8
12
19333.3
22
4055.6
32
1527.8
13
18416.7
23
3986.1
33
1451.4
0
3DFACE
8
SEATING - STALLS
10
18416.7
20
3986.1
30
1451.4
11
19333.3
21
4055.6
31
1527.8
12
19333.3
22
5407.4
32
1527.8
13
18416.7
23
5314.8
33
1451.4
0
3DFACE
8
SEATING - STALLS
10
18416.7
20
5314.8
30
1451.4
11
19333.3
21
5407.4
31
1527.8
12
19333.3
22
6759.3
32
1527.8
13
18416.7
23
6643.5
33
1451.4
0
3DFACE
8
SEATING - STALLS
10
18416.7
20
6643.5
30
1451.4
11
19333.3
21
6759.3
31
1527.8
12
19333.3
22
8111.1
32
1527.8
13
18416.7
23
7972.2
33
1451.4
0
3DFACE
8
SEATING - STALLS
10
18416.7
20
7972.2
30
1451.4
11
19333.3
21
8111.1
31
1527.8
12
19333.3
22
9463.0
32
1527.8
13
18416.7
23
9300.9
33
1451.4
0
3DFACE
8
SEATING - STALLS
10
18416.7
20
9300.9
30
1451.4
11
19333.3
21
9463.0
31
1527.8
12
19333.3
22
10814.8
32
1527.8
13
18416.7
23
10629.6
33
1451.4
0
3DFACE
8
SEATING - STALLS
10
18416.7
20
10629.6
30
1451.4
11
19333.3
21
10814.8
31
1527.8
12
19333.3
22
12166.7
32
1527.8
13
18416.7
23
11958.3
33
1451.4
0
3DFACE
8
SEATING - STALLS
10
19333.3
20
-12166.7
30
1527.8
11
20250.0
21
-12375.0
31
1604.2
12
20250.0
22
-11000.0
32
1604.2
13
19333.3
23
-10814.8
33
1527.8
0
3DFACE
8
SEATING - STALLS
10
19333.3
20
-10814.8
30
1527.8
11
20250.0
21
-11000.0
31
1604.2
12
20250.0
22
-9625.0
32
1604.2
13
19333.3
23
-9463.0
33
1527.8
0
3DFACE
8
SEATING - STALLS
10
19333.3
20
-9463.0
30
1527.8
11
20250.0
21
-9625.0
31
1604.2
12
20250.0
22
-8250.0
32
1604.2
13
19333.3
23
-8111.1
33
1527.8
0
3DFACE
8
SEATING - STALLS
10
19333.3
20
-8111.1
30
1527.8
11
20250.0
21
-8250.0
31
1604.2
12
20250.0
22
-6875.0
32
1604.2
13
19333.3
23
-6759.3
33
1527.8
0
3DFACE
8
SEATING - STALLS
10
19333.3
20
-6759.3
30
1527.8
11
20250.0
21
-6875.0
31
1604.2
12
20250.0
22
-5500.0
32
1604.2
13
19333.3
23
-5407.4
33
1527.8
0
3DFACE
8
SEATING - STALLS
10
19333.3
20
-5407.4
30
1527.8
11
20250.0
21
-5500.0
31
1604.2
12
20250.0
22
-4125.0
32
1604.2
13
19333.3
23
-4055.6
33
1527.8
0
3DFACE
8
SEATING - STALLS
10
19333.3
20
-4055.6
30
1527.8
11
20250.0
21
-4125.0
31
1604.2
12
20250.0
22
-2750.0
32
1604.2
13
19333.3
23
-2703.7
33
1527.8
0
3DFACE
8
SEATING - STALLS
10
19333.3
20
-2703.7
30
1527.8
11
20250.0
21
-2750.0
31
1604.2
12
20250.0
22
-1375.0
32
1604.2
13
19333.3
23
-1351.9
33
1527.8
0
3DFACE
8
SEATING - STALLS
10
19333.3
20
-1351.9
30
1527.8
11
20250.0
21
-1375.0
31
1604.2
12
20250.0
22
0.0
32
1604.2
13
19333.3
23
0.0
33
1527.8
0
3DFACE
8
SEATING - STALLS
10
19333.3
20
0.0
30
1527.8
11
20250.0
21
0.0
31
1604.2
12
20250.0
22
1375.0
32
1604.2
13
19333.3
23
1351.9
33
1527.8
0
3DFACE
8
SEATING - STALLS
10
19333.3
20
1351.9
30
1527.8
11
20250.0
21
1375.0
31
1604.2
12
20250.0
22
2750.0
32
1604.2
13
19333.3
23
2703.7
33
1527.8
0
3DFACE
8
SEATING - STALLS
10
19333.3
20
2703.7
30
1527.8
11
20250.0
21
2750.0
31
1604.2
12
20250.0
22
4125.0
32
1604.2
13
19333.3
23
4055.6
33
1527.8
0
3DFACE
8
SEATING - STALLS
10
19333.3
20
4055.6
30
1527.8
11
20250.0
21
4125.0
31
1604.2
12
20250.0
22
5500.0
32
1604.2
13
19333.3
23
5407.4
33
1527.8
0
3DFACE
8
SEATING - STALLS
10
19333.3
20
5407.4
30
1527.8
11
20250.0
21
5500.0
31
1604.2
12
20250.0
22
6875.0
32
1604.2
13
19333.3
23
6759.3
33
1527.8
0
3DFACE
8
SEATING - STALLS
10
19333.3
20
6759.3
30
1527.8
11
20250.0
21
6875.0
31
1604.2
12
20250.0
22
8250.0
32
1604.2
13
19333.3
23
8111.1
33
1527.8
0
3DFACE
8
SEATING - STALLS
10
19333.3
20
8111.1
30
1527.8
11
20250.0
21
8250.0
31
1604.2
12
20250.0
22
9625.0
32
1604.2
13
19333.3
23
9463.0
33
1527.8
0
3DFACE
8
SEATING - STALLS
10
19333.3
20
9463.0
30
1527.8
11
20250.0
21
9625.0
31
1604.2
12
20250.0
22
11000.0
32
1604.2
13
19333.3
23
10814.8
33
1527.8
0
3DFACE
8
SEATING - STALLS
10
19333.3
20
10814.8
30
1527.8
11
20250.0
21
11000.0
31
1604.2
12
20250.0
22
12375.0
32
1604.2
13
19333.3
23
12166.7
33
1527.8
0
3DFACE
8
SEATING - STALLS
10
20250.0
20
-12375.0
30
1604.2
11
21166.7
21
-12583.3
31
1680.6
12
21166.7
22
-11185.2
32
1680.6
13
20250.0
23
-11000.0
33
1604.2
0
3DFACE
8
SEATING - STALLS
10
20250.0
20
-11000.0
30
1604.2
11
21166.7
21
-11185.2
31
1680.6
12
21166.7
22
-9787.0
32
1680.6
13
20250.0
23
-9625.0
33
1604.2
0
3DFACE
8
SEATING - STALLS
10
20250.0
20
-9625.0
30
1604.2
11
21166.7
21
-9787.0
31
1680.6
12
21166.7
22
-8388.9
32
1680.6
13
20250.0
23
-8250.0
33
1604.2
0
3DFACE
8
SEATING - STALLS
10
20250.0
20
-8250.0
30
1604.2
11
21166.7
21
-8388.9
31
1680.6
12
21166.7
22
-6990.7
32
1680.6
13
20250.0
23
-6875.0
33
1604.2
0
3DFACE
8
SEATING - STALLS
10
20250.0
20
-6875.0
30
1604.2
11
21166.7
21
-6990.7
31
1680.6
12
21166.7
22
-5592.6
32
1680.6
13
20250.0
23
-5500.0
33
1604.2
0
3DFACE
8
SEATING - STALLS
10
20250.0
20
-5500.0
30
1604.2
11
21166.7
21
-5592.6
31
1680.6
12
21166.7
22
-4194.4
32
1680.6
13
20250.0
23
-4125.0
33
1604.2
0
3DFACE
8
SEATING - STALLS
10
20250.0
20
-4125.0
30
1604.2
11
21166.7
21
-4194.4
31
1680.6
12
21166.7
22
-2796.3
32
1680.6
13
20250.0
23
-2750.0
33
1604.2
0
3DFACE
8
SEATING - STALLS
10
20250.0
20
-2750.0
30
1604.2
11
21166.7
21
-2796.3
31
1680.6
12
21166.7
22
-1398.1
32
1680.6
13
20250.0
23
-1375.0
33
1604.2
0
3DFACE
8
SEATING - STALLS
10
20250.0
20
-1375.0
30
1604.2
11
21166.7
21
-1398.1
31
1680.6
12
21166.7
22
0.0
32
1680.6
13
20250.0
23
0.0
33
1604.2
0
3DFACE
8
SEATING - STALLS
10
20250.0
20
0.0
30
1604.2
11
21166.7
21
0.0
31
1680.6
12
21166.7
22
1398.1
32
1680.6
13
20250.0
23
1375.0
33
1604.2
0
3DFACE
8
SEATING - STALLS
10
20250.0
20
1375.0
30
1604.2
11
21166.7
21
1398.1
31
1680.6
12
21166.7
22
2796.3
32
1680.6
13
20250.0
23
2750.0
33
1604.2
0
3DFACE
8
SEATING - STALLS
10
20250.0
20
2750.0
30
1604.2
11
21166.7
21
2796.3
31
1680.6
12
21166.7
22
4194.4
32
1680.6
13
20250.0
23
4125.0
33
1604.2
0
3DFACE
8
SEATING - STALLS
10
20250.0
20
4125.0
30
1604.2
11
21166.7
21
4194.4
31
1680.6
12
21166.7
22
5592.6
32
1680.6
13
20250.0
23
5500.0
33
1604.2
0
3DFACE
8
SEATING - STALLS
10
20250.0
20
5500.0
30
1604.2
11
21166.7
21
5592.6
31
1680.6
12
21166.7
22
6990.7
32
1680.6
13
20250.0
23
6875.0
33
1604.2
0
3DFACE
8
SEATING - STALLS
10
20250.0
20
6875.0
30
1604.2
11
21166.7
21
6990.7
31
1680.6
12
21166.7
22
8388.9
32
1680.6
13
20250.0
23
8250.0
33
1604.2
0
3DFACE
8
SEATING - STALLS
10
20250.0
20
8250.0
30
1604.2
11
21166.7
21
8388.9
31
1680.6
12
21166.7
22
9787.0
32
1680.6
13
20250.0
23
9625.0
33
1604.2
0
3DFACE
8
SEATING - STALLS
10
20250.0
20
9625.0
30
1604.2
11
21166.7
21
9787.0
31
1680.6
12
21166.7
22
11185.2
32
1680.6
13
20250.0
23
11000.0
33
1604.2
0
3DFACE
8
SEATING - STALLS
10
20250.0
20
11000.0
30
1604.2
11
21166.7
21
11185.2
31
1680.6
12
21166.7
22
12583.3
32
1680.6
13
20250.0
23
12375.0
33
1604.2
0
3DFACE
8
SEATING - STALLS
10
21166.7
20
-12583.3
30
1680.6
11
22083.3
21
-12791.7
31
1756.9
12
22083.3
22
-11370.4
32
1756.9
13
21166.7
23
-11185.2
33
1680.6
0
3DFACE
8
SEATING - STALLS
10
21166.7
20
-11185.2
30
1680.6
11
22083.3
21
-11370.4
31
1756.9
12
22083.3
22
-9949.1
32
1756.9
13
21166.7
23
-9787.0
33
1680.6
0
3DFACE
8
SEATING - STALLS
10
21166.7
20
-9787.0
30
1680.6
11
22083.3
21
-9949.1
31
1756.9
12
22083.3
22
-8527.8
32
1756.9
13
21166.7
23
-8388.9
33
1680.6
0
3DFACE
8
SEATING - STALLS
10
21166.7
20
-8388.9
30
1680.6
11
22083.3
21
-8527.8
31
1756.9
12
22083.3
22
-7106.5
32
1756.9
13
21166.7
23
-6990.7
33
1680.6
0
3DFACE
8
SEATING - STALLS
10
21166.7
20
-6990.7
30
1680.6
11
22083.3
21
-7106.5
31
1756.9
12
22083.3
22
-5685.2
32
1756.9
13
21166.7
23
-5592.6
33
1680.6
0
3DFACE
8
SEATING - STALLS
10
21166.7
20
-5592.6
30
1680.6
11
22083.3
21
-5685.2
31
1756.9
12
22083.3
22
-4263.9
32
1756.9
13
21166.7
23
-4194.4
33
1680.6
0
3DFACE
8
SEATING - STALLS
10
21166.7
20
-4194.4
30
1680.6
11
22083.3
21
-4263.9
31
1756.9
12
22083.3
22
-2842.6
32
1756.9
13
21166.7
23
-2796.3
33
1680.6
0
3DFACE
8
SEATING - STALLS
10
21166.7
20
-2796.3
30
1680.6
11
22083.3
21
-2842.6
31
1756.9
12
22083.3
22
-1421.3
32
1756.9
13
21166.7
23
-1398.1
33
1680.6
0
3DFACE
8
SEATING - STALLS
10
21166.7
20
-1398.1
30
1680.6
11
22083.3
21
-1421.3
31
1756.9
12
22083.3
22
0.0
32
1756.9
13
21166.7
23
0.0
33
1680.6
0
3DFACE
8
SEATING - STALLS
10
21166.7
20
0.0
30
1680.6
11
22083.3
21
0.0
31
1756.9
12
22083.3
22
1421.3
32
1756.9
13
21166.7
23
1398.1
33
1680.6
0
3DFACE
8
SEATING - STALLS
10
21166.7
20
1398.1
30
1680.6
11
22083.3
21
1421.3
31
1756.9
12
22083.3
22
2842.6
32
1756.9
13
21166.7
23
2796.3
33
1680.6
0
3DFACE
8
SEATING - STALLS
10
21166.7
20
2796.3
30
1680.6
11
22083.3
21
2842.6
31
1756.9
12
22083.3
22
4263.9
32
1756.9
13
21166.7
23
4194.4
33
1680.6
0
3DFACE
8
SEATING - STALLS
10
21166.7
20
4194.4
30
1680.6
11
22083.3
21
4263.9
31
1756.9
12
22083.3
22
5685.2
32
1756.9
13
21166.7
23
5592.6
33
1680.6
0
3DFACE
8
SEATING - STALLS
10
21166.7
20
5592.6
30
1680.6
11
22083.3
21
5685.2
31
1756.9
12
22083.3
22
7106.5
32
1756.9
13
21166.7
23
6990.7
33
1680.6
0
3DFACE
8
SEATING - STALLS
10
21166.7
20
6990.7
30
1680.6
11
22083.3
21
7106.5
31
1756.9
12
22083.3
22
8527.8
32
1756.9
13
21166.7
23
8388.9
33
1680.6
0
3DFACE
8
SEATING - STALLS
10
21166.7
20
8388.9
30
1680.6
11
22083.3
21
8527.8
31
1756.9
12
22083.3
22
9949.1
32
1756.9
13
21166.7
23
9787.0
33
1680.6
0
3DFACE
8
SEATING - STALLS
10
21166.7
20
9787.0
30
1680.6
11
22083.3
21
9949.1
31
1756.9
12
22083.3
22
11370.4
32
1756.9
13
21166.7
23
11185.2
33
1680.6
0
3DFACE
8
SEATING - STALLS
10
21166.7
20
11185.2
30
1680.6
11
22083.3
21
11370.4
31
1756.9
12
22083.3
22
12791.7
32
1756.9
13
21166.7
23
12583.3
33
1680.6
0
3DFACE
8
SEATING - STALLS
10
22083.3
20
-12791.7
30
1756.9
11
23000.0
21
-13000.0
31
1833.3
12
23000.0
22
-11555.6
32
1833.3
13
22083.3
23
-11370.4
33
1756.9
0
3DFACE
8
SEATING - STALLS
10
22083.3
20
-11370.4
30
1756.9
11
23000.0
21
-11555.6
31
1833.3
12
23000.0
22
-10111.1
32
1833.3
13
22083.3
23
-9949.1
33
1756.9
0
3DFACE
8
SEATING - STALLS
10
22083.3
20
-9949.1
30
1756.9
11
23000.0
21
-10111.1
31
1833.3
12
23000.0
22
-8666.7
32
1833.3
13
22083.3
23
-8527.8
33
1756.9
0
3DFACE
8
SEATING - STALLS
10
22083.3
20
-8527.8
30
1756.9
11
23000.0
21
-8666.7
31
1833.3
12
23000.0
22
-7222.2
32
1833.3
13
22083.3
23
-7106.5
33
1756.9
0
3DFACE
8
SEATING - STALLS
10
22083.3
20
-7106.5
30
1756.9
11
23000.0
21
-7222.2
31
1833.3
12
23000.0
22
-5777.8
32
1833.3
13
22083.3
23
-5685.2
33
1756.9
0
3DFACE
8
SEATING - STALLS
10
22083.3
20
-5685.2
30
1756.9
11
23000.0
21
-5777.8
31
1833.3
12
23000.0
22
-4333.3
32
1833.3
13
22083.3
23
-4263.9
33
1756.9
0
3DFACE
8
SEATING - STALLS
10
22083.3
20
-4263.9
30
1756.9
11
23000.0
21
-4333.3
31
1833.3
12
23000.0
22
-2888.9
32
1833.3
13
22083.3
23
-2842.6
33
1756.9
0
3DFACE
8
SEATING - STALLS
10
22083.3
20
-2842.6
30
1756.9
11
23000.0
21
-2888.9
31
1833.3
12
23000.0
22
-1444.4
32
1833.3
13
22083.3
23
-1421.3
33
1756.9
0
3DFACE
8
SEATING - STALLS
10
22083.3
20
-1421.3
30
1756.9
11
23000.0
21
-1444.4
31
1833.3
12
23000.0
22
0.0
32
1833.3
13
22083.3
23
0.0
33
1756.9
0
3DFACE
8
SEATING - STALLS
10
22083.3
20
0.0
30
1756.9
11
23000.0
21
0.0
31
1833.3
12
23000.0
22
1444.4
32
1833.3
13
22083.3
23
1421.3
33
1756.9
0
3DFACE
8
SEATING - STALLS
10
22083.3
20
1421.3
30
1756.9
11
23000.0
21
1444.4
31
1833.3
12
23000.0
22
2888.9
32
1833.3
13
22083.3
23
2842.6
33
1756.9
0
3DFACE
8
SEATING - STALLS
10
22083.3
20
2842.6
30
1756.9
11
23000.0
21
2888.9
31
1833.3
12
23000.0
22
4333.3
32
1833.3
13
22083.3
23
4263.9
33
1756.9
0
3DFACE
8
SEATING - STALLS
10
22083.3
20
4263.9
30
1756.9
11
23000.0
21
4333.3
31
1833.3
12
23000.0
22
5777.8
32
1833.3
13
22083.3
23
5685.2
33
1756.9
0
3DFACE
8
SEATING - STALLS
10
22083.3
20
5685.2
30
1756.9
11
23000.0
21
5777.8
31
1833.3
12
23000.0
22
7222.2
32
1833.3
13
22083.3
23
7106.5
33
1756.9
0
3DFACE
8
SEATING - STALLS
10
22083.3
20
7106.5
30
1756.9
11
23000.0
21
7222.2
31
1833.3
12
23000.0
22
8666.7
32
1833.3
13
22083.3
23
8527.8
33
1756.9
0
3DFACE
8
SEATING - STALLS
10
22083.3
20
8527.8
30
1756.9
11
23000.0
21
8666.7
31
1833.3
12
23000.0
22
10111.1
32
1833.3
13
22083.3
23
9949.1
33
1756.9
0
3DFACE
8
SEATING - STALLS
10
22083.3
20
9949.1
30
1756.9
11
23000.0
21
10111.1
31
1833.3
12
23000.0
22
11555.6
32
1833.3
13
22083.3
23
11370.4
33
1756.9
0
3DFACE
8
SEATING - STALLS
10
22083.3
20
11370.4
30
1756.9
11
23000.0
21
11555.6
31
1833.3
12
23000.0
22
13000.0
32
1833.3
13
22083.3
23
12791.7
33
1756.9
0
3DFACE
8
SEATING - BALCONY
10
16466.2
20
-13396.2
30
7000.0
11
16735.6
21
-13740.9
31
7048.6
12
17603.2
22
-13016.6
32
7048.6
13
17312.1
23
-12690.0
33
7000.0
0
3DFACE
8
SEATING - BALCONY
10
17312.1
20
-12690.0
30
7000.0
11
17603.2
21
-13016.6
31
7048.6
12
18422.1
22
-12237.6
32
7048.6
13
18110.4
23
-11930.6
33
7000.0
0
3DFACE
8
SEATING - BALCONY
10
18110.4
20
-11930.6
30
7000.0
11
18422.1
21
-12237.6
31
7048.6
12
19188.7
22
-11407.2
32
7048.6
13
18857.8
23
-11121.0
33
7000.0
0
3DFACE
8
SEATING - BALCONY
10
18857.8
20
-11121.0
30
7000.0
11
19188.7
21
-11407.2
31
7048.6
12
19900.0
22
-10528.8
32
7048.6
13
19551.3
23
-10264.7
33
7000.0
0
3DFACE
8
SEATING - BALCONY
10
19551.3
20
-10264.7
30
7000.0
11
19900.0
21
-10528.8
31
7048.6
12
20552.9
22
-9606.3
32
7048.6
13
20187.7
23
-9365.2
33
7000.0
0
3DFACE
8
SEATING - BALCONY
10
20187.7
20
-9365.2
30
7000.0
11
20552.9
21
-9606.3
31
7048.6
12
21144.6
22
-8643.3
32
7048.6
13
20764.6
23
-8426.5
33
7000.0
0
3DFACE
8
SEATING - BALCONY
10
20764.6
20
-8426.5
30
7000.0
11
21144.6
21
-8643.3
31
7048.6
12
21672.7
22
-7644.1
32
7048.6
13
21279.5
23
-7452.3
33
7000.0
0
3DFACE
8
SEATING - BALCONY
10
21279.5
20
-7452.3
30
7000.0
11
21672.7
21
-7644.1
31
7048.6
12
22135.0
22
-6612.7
32
7048.6
13
21730.2
23
-6446.8
33
7000.0
0
3DFACE
8
SEATING - BALCONY
10
21730.2
20
-6446.8
30
7000.0
11
22135.0
21
-6612.7
31
7048.6
12
22529.5
22
-5553.6
32
7048.6
13
22114.8
23
-5414.3
33
7000.0
0
3DFACE
8
SEATING - BALCONY
10
22114.8
20
-5414.3
30
7000.0
11
22529.5
21
-5553.6
31
7048.6
12
22854.5
22
-4471.1
32
7048.6
13
22431.7
23
-4359.0
33
7000.0
0
3DFACE
8
SEATING - BALCONY
10
22431.7
20
-4359.0
30
7000.0
11
22854.5
21
-4471.1
31
7048.6
12
23108.8
22
-3369.9
32
7048.6
13
22679.5
23
-3285.4
33
7000.0
0
3DFACE
8
SEATING - BALCONY
10
22679.5
20
-3285.4
30
7000.0
11
23108.8
21
-3369.9
31
7048.6
12
23291.1
22
-2254.5
32
7048.6
13
22857.3
23
-2197.9
33
7000.0
0
3DFACE
8
SEATING - BALCONY
10
22857.3
20
-2197.9
30
7000.0
11
23291.1
21
-2254.5
31
7048.6
12
23400.9
22
-1129.6
32
7048.6
13
22964.3
23
-1101.3
33
7000.0
0
3DFACE
8
SEATING - BALCONY
10
22964.3
20
-1101.3
30
7000.0
11
23400.9
21
-1129.6
31
7048.6
12
23437.5
22
0.0
32
7048.6
13
23000.0
23
0.0
33
7000.0
0
3DFACE
8
SEATING - BALCONY
10
23000.0
20
0.0
30
7000.0
11
23437.5
21
0.0
31
7048.6
12
23400.9
22
1129.6
32
7048.6
13
22964.3
23
1101.3
33
7000.0
0
3DFACE
8
SEATING - BALCONY
10
22964.3
20
1101.3
30
7000.0
11
23400.9
21
1129.6
31
7048.6
12
23291.1
22
2254.5
32
7048.6
13
22857.3
23
2197.9
33
7000.0
0
3DFACE
8
SEATING - BALCONY
10
22857.3
20
2197.9
30
7000.0
11
23291.1
21
2254.5
31
7048.6
12
23108.8
22
3369.9
32
7048.6
13
22679.5
23
3285.4
33
7000.0
0
3DFACE
8
SEATING - BALCONY
10
22679.5
20
3285.4
30
7000.0
11
23108.8
21
3369.9
31
7048.6
12
22854.5
22
4471.1
32
7048.6
13
22431.7
23
4359.0
33
7000.0
0
3DFACE
8
SEATING - BALCONY
10
22431.7
20
4359.0
30
7000.0
11
22854.5
21
4471.1
31
7048.6
12
22529.5
22
5553.6
32
7048.6
13
22114.8
23
5414.3
33
7000.0
0
3DFACE
8
SEATING - BALCONY
10
22114.8
20
5414.3
30
7000.0
11
22529.5
21
5553.6
31
7048.6
12
22135.0
22
6612.7
32
7048.6
13
21730.2
23
6446.8
33
7000.0
0
3DFACE
8
SEATING - BALCONY
10
21730.2
20
6446.8
30
7000.0
11
22135.0
21
6612.7
31
7048.6
12
21672.7
22
7644.1
32
7048.6
13
21279.5
23
7452.3
33
7000.0
0
3DFACE
8
SEATING - BALCONY
10
21279.5
20
7452.3
30
7000.0
11
21672.7
21
7644.1
31
7048.6
12
21144.6
22
8643.3
32
7048.6
13
20764.6
23
8426.5
33
7000.0
0
3DFACE
8
SEATING - BALCONY
10
20764.6
20
8426.5
30
7000.0
11
21144.6
21
8643.3
31
7048.6
12
20552.9
22
9606.3
32
7048.6
13
20187.7
23
9365.2
33
7000.0
0
3DFACE
8
SEATING - BALCONY
10
20187.7
20
9365.2
30
7000.0
11
20552.9
21
9606.3
31
7048.6
12
19900.0
22
10528.8
32
7048.6
13
19551.3
23
10264.7
33
7000.0
0
3DFACE
8
SEATING - BALCONY
10
19551.3
20
10264.7
30
7000.0
11
19900.0
21
10528.8
31
7048.6
12
19188.7
22
11407.2
32
7048.6
13
18857.8
23
11121.0
33
7000.0
0
3DFACE
8
SEATING - BALCONY
10
18857.8
20
11121.0
30
7000.0
11
19188.7
21
11407.2
31
7048.6
12
18422.1
22
12237.6
32
7048.6
13
18110.4
23
11930.6
33
7000.0
0
3DFACE
8
SEATING - BALCONY
10
18110.4
20
11930.6
30
7000.0
11
18422.1
21
12237.6
31
7048.6
12
17603.2
22
13016.6
32
7048.6
13
17312.1
23
12690.0
33
7000.0
0
3DFACE
8
SEATING - BALCONY
10
17312.1
20
12690.0
30
7000.0
11
17603.2
21
13016.6
31
7048.6
12
16735.6
22
13740.9
32
7048.6
13
16466.2
23
13396.2
33
7000.0
0
3DFACE
8
SEATING - BALCONY
10
16735.6
20
-13740.9
30
7048.6
11
17004.9
21
-14085.7
31
7097.2
12
17894.3
22
-13343.2
32
7097.2
13
17603.2
23
-13016.6
33
7048.6
0
3DFACE
8
SEATING - BALCONY
10
17603.2
20
-13016.6
30
7048.6
11
17894.3
21
-13343.2
31
7097.2
12
18733.7
22
-12544.6
32
7097.2
13
18422.1
23
-12237.6
33
7048.6
0
3DFACE
8
SEATING - BALCONY
10
18422.1
20
-12237.6
30
7048.6
11
18733.7
21
-12544.6
31
7097.2
12
19519.6
22
-11693.4
32
7097.2
13
19188.7
23
-11407.2
33
7048.6
0
3DFACE
8
SEATING - BALCONY
10
19188.7
20
-11407.2
30
7048.6
11
19519.6
21
-11693.4
31
7097.2
12
20248.7
22
-10793.0
32
7097.2
13
19900.0
23
-10528.8
33
7048.6
0
3DFACE
8
SEATING - BALCONY
10
19900.0
20
-10528.8
30
7048.6
11
20248.7
21
-10793.0
31
7097.2
12
20918.0
22
-9847.3
32
7097.2
13
20552.9
23
-9606.3
33
7048.6
0
3DFACE
8
SEATING - BALCONY
10
20552.9
20
-9606.3
30
7048.6
11
20918.0
21
-9847.3
31
7097.2
12
21524.6
22
-8860.2
32
7097.2
13
21144.6
23
-8643.3
33
7048.6
0
3DFACE
8
SEATING - BALCONY
10
21144.6
20
-8643.3
30
7048.6
11
21524.6
21
-8860.2
31
7097.2
12
22065.9
22
-7835.9
32
7097.2
13
21672.7
23
-7644.1
33
7048.6
0
3DFACE
8
SEATING - BALCONY
10
21672.7
20
-7644.1
30
7048.6
11
22065.9
21
-7835.9
31
7097.2
12
22539.8
22
-6778.7
32
7097.2
13
22135.0
23
-6612.7
33
7048.6
0
3DFACE
8
SEATING - BALCONY
10
22135.0
20
-6612.7
30
7048.6
11
22539.8
21
-6778.7
31
7097.2
12
22944.2
22
-5692.9
32
7097.2
13
22529.5
23
-5553.6
33
7048.6
0
3DFACE
8
SEATING - BALCONY
10
22529.5
20
-5553.6
30
7048.6
11
22944.2
21
-5692.9
31
7097.2
12
23277.4
22
-4583.3
32
7097.2
13
22854.5
23
-4471.1
33
7048.6
0
3DFACE
8
SEATING - BALCONY
10
22854.5
20
-4471.1
30
7048.6
11
23277.4
21
-4583.3
31
7097.2
12
23538.0
22
-3454.4
32
7097.2
13
23108.8
23
-3369.9
33
7048.6
0
3DFACE
8
SEATING - BALCONY
10
23108.8
20
-3369.9
30
7048.6
11
23538.0
21
-3454.4
31
7097.2
12
23725.0
22
-2311.1
32
7097.2
13
23291.1
23
-2254.5
33
7048.6
0
3DFACE
8
SEATING - BALCONY
10
23291.1
20
-2254.5
30
7048.6
11
23725.0
21
-2311.1
31
7097.2
12
23837.5
22
-1158.0
32
7097.2
13
23400.9
23
-1129.6
33
7048.6
0
3DFACE
8
SEATING - BALCONY
10
23400.9
20
-1129.6
30
7048.6
11
23837.5
21
-1158.0
31
7097.2
12
23875.0
22
0.0
32
7097.2
13
23437.5
23
0.0
33
7048.6
0
3DFACE
8
SEATING - BALCONY
10
23437.5
20
0.0
30
7048.6
11
23875.0
21
0.0
31
7097.2
12
23837.5
22
1158.0
32
7097.2
13
23400.9
23
1129.6
33
7048.6
0
3DFACE
8
SEATING - BALCONY
10
23400.9
20
1129.6
30
7048.6
11
23837.5
21
1158.0
31
7097.2
12
23725.0
22
2311.1
32
7097.2
13
23291.1
23
2254.5
33
7048.6
0
3DFACE
8
SEATING - BALCONY
10
23291.1
20
2254.5
30
7048.6
11
23725.0
21
2311.1
31
7097.2
12
23538.0
22
3454.4
32
7097.2
13
23108.8
23
3369.9
33
7048.6
0
3DFACE
8
SEATING - BALCONY
10
23108.8
20
3369.9
30
7048.6
11
23538.0
21
3454.4
31
7097.2
12
23277.4
22
4583.3
32
7097.2
13
22854.5
23
4471.1
33
7048.6
0
3DFACE
8
SEATING - BALCONY
10
22854.5
20
4471.1
30
7048.6
11
23277.4
21
4583.3
31
7097.2
12
22944.2
22
5692.9
32
7097.2
13
22529.5
23
5553.6
33
7048.6
0
3DFACE
8
SEATING - BALCONY
10
22529.5
20
5553.6
30
7048.6
11
22944.2
21
5692.9
31
7097.2
12
22539.8
22
6778.7
32
7097.2
13
22135.0
23
6612.7
33
7048.6
0
3DFACE
8
SEATING - BALCONY
10
22135.0
20
6612.7
30
7048.6
11
22539.8
21
6778.7
31
7097.2
12
22065.9
22
7835.9
32
7097.2
13
21672.7
23
7644.1
33
7048.6
0
3DFACE
8
SEATING - BALCONY
10
21672.7
20
7644.1
30
7048.6
11
22065.9
21
7835.9
31
7097.2
12
21524.6
22
8860.2
32
7097.2
13
21144.6
23
8643.3
33
7048.6
0
3DFACE
8
SEATING - BALCONY
10
21144.6
20
8643.3
30
7048.6
11
21524.6
21
8860.2
31
7097.2
12
20918.0
22
9847.3
32
7097.2
13
20552.9
23
9606.3
33
7048.6
0
3DFACE
8
SEATING - BALCONY
10
20552.9
20
9606.3
30
7048.6
11
20918.0
21
9847.3
31
7097.2
12
20248.7
22
10793.0
32
7097.2
13
19900.0
23
10528.8
33
7048.6
0
3DFACE
8
SEATING - BALCONY
10
19900.0
20
10528.8
30
7048.6
11
20248.7
21
10793.0
31
7097.2
12
19519.6
22
11693.4
32
7097.2
13
19188.7
23
11407.2
33
7048.6
0
3DFACE
8
SEATING - BALCONY
10
19188.7
20
11407.2
30
7048.6
11
19519.6
21
11693.4
31
7097.2
12
18733.7
22
12544.6
32
7097.2
13
18422.1
23
12237.6
33
7048.6
0
3DFACE
8
SEATING - BALCONY
10
18422.1
20
12237.6
30
7048.6
11
18733.7
21
12544.6
31
7097.2
12
17894.3
22
13343.2
32
7097.2
13
17603.2
23
13016.6
33
7048.6
0
3DFACE
8
SEATING - BALCONY
10
17603.2
20
13016.6
30
7048.6
11
17894.3
21
13343.2
31
7097.2
12
17004.9
22
14085.7
32
7097.2
13
16735.6
23
13740.9
33
7048.6
0
3DFACE
8
SEATING - BALCONY
10
17004.9
20
-14085.7
30
7097.2
11
17274.3
21
-14430.4
31
7145.8
12
18185.4
22
-13669.8
32
7145.8
13
17894.3
23
-13343.2
33
7097.2
0
3DFACE
8
SEATING - BALCONY
10
17894.3
20
-13343.2
30
7097.2
11
18185.4
21
-13669.8
31
7145.8
12
19045.4
22
-12851.7
32
7145.8
13
18733.7
23
-12544.6
33
7097.2
0
3DFACE
8
SEATING - BALCONY
10
18733.7
20
-12544.6
30
7097.2
11
19045.4
21
-12851.7
31
7145.8
12
19850.5
22
-11979.6
32
7145.8
13
19519.6
23
-11693.4
33
7097.2
0
3DFACE
8
SEATING - BALCONY
10
19519.6
20
-11693.4
30
7097.2
11
19850.5
21
-11979.6
31
7145.8
12
20597.5
22
-11057.2
32
7145.8
13
20248.7
23
-10793.0
33
7097.2
0
3DFACE
8
SEATING - BALCONY
10
20248.7
20
-10793.0
30
7097.2
11
20597.5
21
-11057.2
31
7145.8
12
21283.1
22
-10088.3
32
7145.8
13
20918.0
23
-9847.3
33
7097.2
0
3DFACE
8
SEATING - BALCONY
10
20918.0
20
-9847.3
30
7097.2
11
21283.1
21
-10088.3
31
7145.8
12
21904.6
22
-9077.1
32
7145.8
13
21524.6
23
-8860.2
33
7097.2
0
3DFACE
8
SEATING - BALCONY
10
21524.6
20
-8860.2
30
7097.2
11
21904.6
21
-9077.1
31
7145.8
12
22459.2
22
-8027.7
32
7145.8
13
22065.9
23
-7835.9
33
7097.2
0
3DFACE
8
SEATING - BALCONY
10
22065.9
20
-7835.9
30
7097.2
11
22459.2
21
-8027.7
31
7145.8
12
22944.6
22
-6944.6
32
7145.8
13
22539.8
23
-6778.7
33
7097.2
0
3DFACE
8
SEATING - BALCONY
10
22539.8
20
-6778.7
30
7097.2
11
22944.6
21
-6944.6
31
7145.8
12
23358.9
22
-5832.3
32
7145.8
13
22944.2
23
-5692.9
33
7097.2
0
3DFACE
8
SEATING - BALCONY
10
22944.2
20
-5692.9
30
7097.2
11
23358.9
21
-5832.3
31
7145.8
12
23700.3
22
-4695.5
32
7145.8
13
23277.4
23
-4583.3
33
7097.2
0
3DFACE
8
SEATING - BALCONY
10
23277.4
20
-4583.3
30
7097.2
11
23700.3
21
-4695.5
31
7145.8
12
23967.3
22
-3539.0
32
7145.8
13
23538.0
23
-3454.4
33
7097.2
0
3DFACE
8
SEATING - BALCONY
10
23538.0
20
-3454.4
30
7097.2
11
23967.3
21
-3539.0
31
7145.8
12
24158.8
22
-2367.6
32
7145.8
13
23725.0
23
-2311.1
33
7097.2
0
3DFACE
8
SEATING - BALCONY
10
23725.0
20
-2311.1
30
7097.2
11
24158.8
21
-2367.6
31
7145.8
12
24274.0
22
-1186.3
32
7145.8
13
23837.5
23
-1158.0
33
7097.2
0
3DFACE
8
SEATING - BALCONY
10
23837.5
20
-1158.0
30
7097.2
11
24274.0
21
-1186.3
31
7145.8
12
24312.5
22
0.0
32
7145.8
13
23875.0
23
0.0
33
7097.2
0
3DFACE
8
SEATING - BALCONY
10
23875.0
20
0.0
30
7097.2
11
24312.5
21
0.0
31
7145.8
12
24274.0
22
1186.3
32
7145.8
13
23837.5
23
1158.0
33
7097.2
0
3DFACE
8
SEATING - BALCONY
10
23837.5
20
1158.0
30
7097.2
11
24274.0
21
1186.3
31
7145.8
12
24158.8
22
2367.6
32
7145.8
13
23725.0
23
2311.1
33
7097.2
0
3DFACE
8
SEATING - BALCONY
10
23725.0
20
2311.1
30
7097.2
11
24158.8
21
2367.6
31
7145.8
12
23967.3
22
3539.0
32
7145.8
13
23538.0
23
3454.4
33
7097.2
0
3DFACE
8
SEATING - BALCONY
10
23538.0
20
3454.4
30
7097.2
11
23967.3
21
3539.0
31
7145.8
12
23700.3
22
4695.5
32
7145.8
13
23277.4
23
4583.3
33
7097.2
0
3DFACE
8
SEATING - BALCONY
10
23277.4
20
4583.3
30
7097.2
11
23700.3
21
4695.5
31
7145.8
12
23358.9
22
5832.3
32
7145.8
13
22944.2
23
5692.9
33
7097.2
0
3DFACE
8
SEATING - BALCONY
10
22944.2
20
5692.9
30
7097.2
11
23358.9
21
5832.3
31
7145.8
12
22944.6
22
6944.6
32
7145.8
13
22539.8
23
6778.7
33
7097.2
0
3DFACE
8
SEATING - BALCONY
10
22539.8
20
6778.7
30
7097.2
11
22944.6
21
6944.6
31
7145.8
12
22459.2
22
8027.7
32
7145.8
13
22065.9
23
7835.9
33
7097.2
0
3DFACE
8
SEATING - BALCONY
10
22065.9
20
7835.9
30
7097.2
11
22459.2
21
8027.7
31
7145.8
12
21904.6
22
9077.1
32
7145.8
13
21524.6
23
8860.2
33
7097.2
0
3DFACE
8
SEATING - BALCONY
10
21524.6
20
8860.2
30
7097.2
11
21904.6
21
9077.1
31
7145.8
12
21283.1
22
10088.3
32
7145.8
13
20918.0
23
9847.3
33
7097.2
0
3DFACE
8
SEATING - BALCONY
10
20918.0
20
9847.3
30
7097.2
11
21283.1
21
10088.3
31
7145.8
12
20597.5
22
11057.2
32
7145.8
13
20248.7
23
10793.0
33
7097.2
0
3DFACE
8
SEATING - BALCONY
10
20248.7
20
10793.0
30
7097.2
11
20597.5
21
11057.2
31
7145.8
12
19850.5
22
11979.6
32
7145.8
13
19519.6
23
11693.4
33
7097.2
0
3DFACE
8
SEATING - BALCONY
10
19519.6
20
11693.4
30
7097.2
11
19850.5
21
11979.6
31
7145.8
12
19045.4
22
12851.7
32
7145.8
13
18733.7
23
12544.6
33
7097.2
0
3DFACE
8
SEATING - BALCONY
10
18733.7
20
12544.6
30
7097.2
11
19045.4
21
12851.7
31
7145.8
12
18185.4
22
13669.8
32
7145.8
13
17894.3
23
13343.2
33
7097.2
0
3DFACE
8
SEATING - BALCONY
10
17894.3
20
13343.2
30
7097.2
11
18185.4
21
13669.8
31
7145.8
12
17274.3
22
14430.4
32
7145.8
13
17004.9
23
14085.7
33
7097.2
0
3DFACE
8
SEATING - BALCONY
10
17274.3
20
-14430.4
30
7145.8
11
17543.7
21
-14775.2
31
7194.4
12
18476.6
22
-13996.4
32
7194.4
13
18185.4
23
-13669.8
33
7145.8
0
3DFACE
8
SEATING - BALCONY
10
18185.4
20
-13669.8
30
7145.8
11
18476.6
21
-13996.4
31
7194.4
12
19357.1
22
-13158.7
32
7194.4
13
19045.4
23
-12851.7
33
7145.8
0
3DFACE
8
SEATING - BALCONY
10
19045.4
20
-12851.7
30
7145.8
11
19357.1
21
-13158.7
31
7194.4
12
20181.4
22
-12265.8
32
7194.4
13
19850.5
23
-11979.6
33
7145.8
0
3DFACE
8
SEATING - BALCONY
10
19850.5
20
-11979.6
30
7145.8
11
20181.4
21
-12265.8
31
7194.4
12
20946.2
22
-11321.3
32
7194.4
13
20597.5
23
-11057.2
33
7145.8
0
3DFACE
8
SEATING - BALCONY
10
20597.5
20
-11057.2
30
7145.8
11
20946.2
21
-11321.3
31
7194.4
12
21648.2
22
-10329.3
32
7194.4
13
21283.1
23
-10088.3
33
7145.8
0
3DFACE
8
SEATING - BALCONY
10
21283.1
20
-10088.3
30
7145.8
11
21648.2
21
-10329.3
31
7194.4
12
22284.5
22
-9293.9
32
7194.4
13
21904.6
23
-9077.1
33
7145.8
0
3DFACE
8
SEATING - BALCONY
10
21904.6
20
-9077.1
30
7145.8
11
22284.5
21
-9293.9
31
7194.4
12
22852.4
22
-8219.5
32
7194.4
13
22459.2
23
-8027.7
33
7145.8
0
3DFACE
8
SEATING - BALCONY
10
22459.2
20
-8027.7
30
7145.8
11
22852.4
21
-8219.5
31
7194.4
12
23349.5
22
-7110.5
32
7194.4
13
22944.6
23
-6944.6
33
7145.8
0
3DFACE
8
SEATING - BALCONY
10
22944.6
20
-6944.6
30
7145.8
11
23349.5
21
-7110.5
31
7194.4
12
23773.6
22
-5971.6
32
7194.4
13
23358.9
23
-5832.3
33
7145.8
0
3DFACE
8
SEATING - BALCONY
10
23358.9
20
-5832.3
30
7145.8
11
23773.6
21
-5971.6
31
7194.4
12
24123.2
22
-4807.7
32
7194.4
13
23700.3
23
-4695.5
33
7145.8
0
3DFACE
8
SEATING - BALCONY
10
23700.3
20
-4695.5
30
7145.8
11
24123.2
21
-4807.7
31
7194.4
12
24396.5
22
-3623.5
32
7194.4
13
23967.3
23
-3539.0
33
7145.8
0
3DFACE
8
SEATING - BALCONY
10
23967.3
20
-3539.0
30
7145.8
11
24396.5
21
-3623.5
31
7194.4
12
24592.6
22
-2424.2
32
7194.4
13
24158.8
23
-2367.6
33
7145.8
0
3DFACE
8
SEATING - BALCONY
10
24158.8
20
-2367.6
30
7145.8
11
24592.6
21
-2424.2
31
7194.4
12
24710.6
22
-1214.6
32
7194.4
13
24274.0
23
-1186.3
33
7145.8
0
3DFACE
8
SEATING - BALCONY
10
24274.0
20
-1186.3
30
7145.8
11
24710.6
21
-1214.6
31
7194.4
12
24750.0
22
0.0
32
7194.4
13
24312.5
23
0.0
33
7145.8
0
3DFACE
8
SEATING - BALCONY
10
24312.5
20
0.0
30
7145.8
11
24750.0
21
0.0
31
7194.4
12
24710.6
22
1214.6
32
7194.4
13
24274.0
23
1186.3
33
7145.8
0
3DFACE
8
SEATING - BALCONY
10
24274.0
20
1186.3
30
7145.8
11
24710.6
21
1214.6
31
7194.4
12
24592.6
22
2424.2
32
7194.4
13
24158.8
23
2367.6
33
7145.8
0
3DFACE
8
SEATING - BALCONY
10
24158.8
20
2367.6
30
7145.8
11
24592.6
21
2424.2
31
7194.4
12
24396.5
22
3623.5
32
7194.4
13
23967.3
23
3539.0
33
7145.8
0
3DFACE
8
SEATING - BALCONY
10
23967.3
20
3539.0
30
7145.8
11
24396.5
21
3623.5
31
7194.4
12
24123.2
22
4807.7
32
7194.4
13
23700.3
23
4695.5
33
7145.8
0
3DFACE
8
SEATING - BALCONY
10
23700.3
20
4695.5
30
7145.8
11
24123.2
21
4807.7
31
7194.4
12
23773.6
22
5971.6
32
7194.4
13
23358.9
23
5832.3
33
7145.8
0
3DFACE
8
SEATING - BALCONY
10
23358.9
20
5832.3
30
7145.8
11
23773.6
21
5971.6
31
7194.4
12
23349.5
22
7110.5
32
7194.4
13
22944.6
23
6944.6
33
7145.8
0
3DFACE
8
SEATING - BALCONY
10
22944.6
20
6944.6
30
7145.8
11
23349.5
21
7110.5
31
7194.4
12
22852.4
22
8219.5
32
7194.4
13
22459.2
23
8027.7
33
7145.8
0
3DFACE
8
SEATING - BALCONY
10
22459.2
20
8027.7
30
7145.8
11
22852.4
21
8219.5
31
7194.4
12
22284.5
22
9293.9
32
7194.4
13
21904.6
23
9077.1
33
7145.8
0
3DFACE
8
SEATING - BALCONY
10
21904.6
20
9077.1
30
7145.8
11
22284.5
21
9293.9
31
7194.4
12
21648.2
22
10329.3
32
7194.4
13
21283.1
23
10088.3
33
7145.8
0
3DFACE
8
SEATING - BALCONY
10
21283.1
20
10088.3
30
7145.8
11
21648.2
21
10329.3
31
7194.4
12
20946.2
22
11321.3
32
7194.4
13
20597.5
23
11057.2
33
7145.8
0
3DFACE
8
SEATING - BALCONY
10
20597.5
20
11057.2
30
7145.8
11
20946.2
21
11321.3
31
7194.4
12
20181.4
22
12265.8
32
7194.4
13
19850.5
23
11979.6
33
7145.8
0
3DFACE
8
SEATING - BALCONY
10
19850.5
20
11979.6
30
7145.8
11
20181.4
21
12265.8
31
7194.4
12
19357.1
22
13158.7
32
7194.4
13
19045.4
23
12851.7
33
7145.8
0
3DFACE
8
SEATING - BALCONY
10
19045.4
20
12851.7
30
7145.8
11
19357.1
21
13158.7
31
7194.4
12
18476.6
22
13996.4
32
7194.4
13
18185.4
23
13669.8
33
7145.8
0
3DFACE
8
SEATING - BALCONY
10
18185.4
20
13669.8
30
7145.8
11
18476.6
21
13996.4
31
7194.4
12
17543.7
22
14775.2
32
7194.4
13
17274.3
23
14430.4
33
7145.8
0
3DFACE
8
SEATING - BALCONY
10
17543.7
20
-14775.2
30
7194.4
11
17813.0
21
-15120.0
31
7243.1
12
18767.7
22
-14322.9
32
7243.1
13
18476.6
23
-13996.4
33
7194.4
0
3DFACE
8
SEATING - BALCONY
10
18476.6
20
-13996.4
30
7194.4
11
18767.7
21
-14322.9
31
7243.1
12
19668.7
22
-13465.7
32
7243.1
13
19357.1
23
-13158.7
33
7194.4
0
3DFACE
8
SEATING - BALCONY
10
19357.1
20
-13158.7
30
7194.4
11
19668.7
21
-13465.7
31
7243.1
12
20512.3
22
-12552.0
32
7243.1
13
20181.4
23
-12265.8
33
7194.4
0
3DFACE
8
SEATING - BALCONY
10
20181.4
20
-12265.8
30
7194.4
11
20512.3
21
-12552.0
31
7243.1
12
21295.0
22
-11585.5
32
7243.1
13
20946.2
23
-11321.3
33
7194.4
0
3DFACE
8
SEATING - BALCONY
10
20946.2
20
-11321.3
30
7194.4
11
21295.0
21
-11585.5
31
7243.1
12
22013.4
22
-10570.3
32
7243.1
13
21648.2
23
-10329.3
33
7194.4
0
3DFACE
8
SEATING - BALCONY
10
21648.2
20
-10329.3
30
7194.4
11
22013.4
21
-10570.3
31
7243.1
12
22664.5
22
-9510.8
32
7243.1
13
22284.5
23
-9293.9
33
7194.4
0
3DFACE
8
SEATING - BALCONY
10
22284.5
20
-9293.9
30
7194.4
11
22664.5
21
-9510.8
31
7243.1
12
23245.6
22
-8411.2
32
7243.1
13
22852.4
23
-8219.5
33
7194.4
0
3DFACE
8
SEATING - BALCONY
10
22852.4
20
-8219.5
30
7194.4
11
23245.6
21
-8411.2
31
7243.1
12
23754.3
22
-7276.4
32
7243.1
13
23349.5
23
-7110.5
33
7194.4
0
3DFACE
8
SEATING - BALCONY
10
23349.5
20
-7110.5
30
7194.4
11
23754.3
21
-7276.4
31
7243.1
12
24188.4
22
-6111.0
32
7243.1
13
23773.6
23
-5971.6
33
7194.4
0
3DFACE
8
SEATING - BALCONY
10
23773.6
20
-5971.6
30
7194.4
11
24188.4
21
-6111.0
31
7243.1
12
24546.0
22
-4919.9
32
7243.1
13
24123.2
23
-4807.7
33
7194.4
0
3DFACE
8
SEATING - BALCONY
10
24123.2
20
-4807.7
30
7194.4
11
24546.0
21
-4919.9
31
7243.1
12
24825.8
22
-3708.1
32
7243.1
13
24396.5
23
-3623.5
33
7194.4
0
3DFACE
8
SEATING - BALCONY
10
24396.5
20
-3623.5
30
7194.4
11
24825.8
21
-3708.1
31
7243.1
12
25026.5
22
-2480.8
32
7243.1
13
24592.6
23
-2424.2
33
7194.4
0
3DFACE
8
SEATING - BALCONY
10
24592.6
20
-2424.2
30
7194.4
11
25026.5
21
-2480.8
31
7243.1
12
25147.2
22
-1243.0
32
7243.1
13
24710.6
23
-1214.6
33
7194.4
0
3DFACE
8
SEATING - BALCONY
10
24710.6
20
-1214.6
30
7194.4
11
25147.2
21
-1243.0
31
7243.1
12
25187.5
22
0.0
32
7243.1
13
24750.0
23
0.0
33
7194.4
0
3DFACE
8
SEATING - BALCONY
10
24750.0
20
0.0
30
7194.4
11
25187.5
21
0.0
31
7243.1
12
25147.2
22
1243.0
32
7243.1
13
24710.6
23
1214.6
33
7194.4
0
3DFACE
8
SEATING - BALCONY
10
24710.6
20
1214.6
30
7194.4
11
25147.2
21
1243.0
31
7243.1
12
25026.5
22
2480.8
32
7243.1
13
24592.6
23
2424.2
33
7194.4
0
3DFACE
8
SEATING - BALCONY
10
24592.6
20
2424.2
30
7194.4
11
25026.5
21
2480.8
31
7243.1
12
24825.8
22
3708.1
32
7243.1
13
24396.5
23
3623.5
33
7194.4
0
3DFACE
8
SEATING - BALCONY
10
24396.5
20
3623.5
30
7194.4
11
24825.8
21
3708.1
31
7243.1
12
24546.0
22
4919.9
32
7243.1
13
24123.2
23
4807.7
33
7194.4
0
3DFACE
8
SEATING - BALCONY
10
24123.2
20
4807.7
30
7194.4
11
24546.0
21
4919.9
31
7243.1
12
24188.4
22
6111.0
32
7243.1
13
23773.6
23
5971.6
33
7194.4
0
3DFACE
8
SEATING - BALCONY
10
23773.6
20
5971.6
30
7194.4
11
24188.4
21
6111.0
31
7243.1
12
23754.3
22
7276.4
32
7243.1
13
23349.5
23
7110.5
33
7194.4
0
3DFACE
8
SEATING - BALCONY
10
23349.5
20
7110.5
30
7194.4
11
23754.3
21
7276.4
31
7243.1
12
23245.6
22
8411.2
32
7243.1
13
22852.4
23
8219.5
33
7194.4
0
3DFACE
8
SEATING - BALCONY
10
22852.4
20
8219.5
30
7194.4
11
23245.6
21
8411.2
31
7243.1
12
22664.5
22
9510.8
32
7243.1
13
22284.5
23
9293.9
33
7194.4
0
3DFACE
8
SEATING - BALCONY
10
22284.5
20
9293.9
30
7194.4
11
22664.5
21
9510.8
31
7243.1
12
22013.4
22
10570.3
32
7243.1
13
21648.2
23
10329.3
33
7194.4
0
3DFACE
8
SEATING - BALCONY
10
21648.2
20
10329.3
30
7194.4
11
22013.4
21
10570.3
31
7243.1
12
21295.0
22
11585.5
32
7243.1
13
20946.2
23
11321.3
33
7194.4
0
3DFACE
8
SEATING - BALCONY
10
20946.2
20
11321.3
30
7194.4
11
21295.0
21
11585.5
31
7243.1
12
20512.3
22
12552.0
32
7243.1
13
20181.4
23
12265.8
33
7194.4
0
3DFACE
8
SEATING - BALCONY
10
20181.4
20
12265.8
30
7194.4
11
20512.3
21
12552.0
31
7243.1
12
19668.7
22
13465.7
32
7243.1
13
19357.1
23
13158.7
33
7194.4
0
3DFACE
8
SEATING - BALCONY
10
19357.1
20
13158.7
30
7194.4
11
19668.7
21
13465.7
31
7243.1
12
18767.7
22
14322.9
32
7243.1
13
18476.6
23
13996.4
33
7194.4
0
3DFACE
8
SEATING - BALCONY
10
18476.6
20
13996.4
30
7194.4
11
18767.7
21
14322.9
31
7243.1
12
17813.0
22
15120.0
32
7243.1
13
17543.7
23
14775.2
33
7194.4
0
3DFACE
8
SEATING - BALCONY
10
17813.0
20
-15120.0
30
7243.1
11
18082.4
21
-15464.7
31
7291.7
12
19058.8
22
-14649.5
32
7291.7
13
18767.7
23
-14322.9
33
7243.1
0
3DFACE
8
SEATING - BALCONY
10
18767.7
20
-14322.9
30
7243.1
11
19058.8
21
-14649.5
31
7291.7
12
19980.4
22
-13772.8
32
7291.7
13
19668.7
23
-13465.7
33
7243.1
0
3DFACE
8
SEATING - BALCONY
10
19668.7
20
-13465.7
30
7243.1
11
19980.4
21
-13772.8
31
7291.7
12
20843.2
22
-12838.2
32
7291.7
13
20512.3
23
-12552.0
33
7243.1
0
3DFACE
8
SEATING - BALCONY
10
20512.3
20
-12552.0
30
7243.1
11
20843.2
21
-12838.2
31
7291.7
12
21643.7
22
-11849.7
32
7291.7
13
21295.0
23
-11585.5
33
7243.1
0
3DFACE
8
SEATING - BALCONY
10
21295.0
20
-11585.5
30
7243.1
11
21643.7
21
-11849.7
31
7291.7
12
22378.5
22
-10811.4
32
7291.7
13
22013.4
23
-10570.3
33
7243.1
0
3DFACE
8
SEATING - BALCONY
10
22013.4
20
-10570.3
30
7243.1
11
22378.5
21
-10811.4
31
7291.7
12
23044.5
22
-9727.6
32
7291.7
13
22664.5
23
-9510.8
33
7243.1
0
3DFACE
8
SEATING - BALCONY
10
22664.5
20
-9510.8
30
7243.1
11
23044.5
21
-9727.6
31
7291.7
12
23638.8
22
-8603.0
32
7291.7
13
23245.6
23
-8411.2
33
7243.1
0
3DFACE
8
SEATING - BALCONY
10
23245.6
20
-8411.2
30
7243.1
11
23638.8
21
-8603.0
31
7291.7
12
24159.1
22
-7442.3
32
7291.7
13
23754.3
23
-7276.4
33
7243.1
0
3DFACE
8
SEATING - BALCONY
10
23754.3
20
-7276.4
30
7243.1
11
24159.1
21
-7442.3
31
7291.7
12
24603.1
22
-6250.3
32
7291.7
13
24188.4
23
-6111.0
33
7243.1
0
3DFACE
8
SEATING - BALCONY
10
24188.4
20
-6111.0
30
7243.1
11
24603.1
21
-6250.3
31
7291.7
12
24968.9
22
-5032.0
32
7291.7
13
24546.0
23
-4919.9
33
7243.1
0
3DFACE
8
SEATING - BALCONY
10
24546.0
20
-4919.9
30
7243.1
11
24968.9
21
-5032.0
31
7291.7
12
25255.0
22
-3792.6
32
7291.7
13
24825.8
23
-3708.1
33
7243.1
0
3DFACE
8
SEATING - BALCONY
10
24825.8
20
-3708.1
30
7243.1
11
25255.0
21
-3792.6
31
7291.7
12
25460.3
22
-2537.3
32
7291.7
13
25026.5
23
-2480.8
33
7243.1
0
3DFACE
8
SEATING - BALCONY
10
25026.5
20
-2480.8
30
7243.1
11
25460.3
21
-2537.3
31
7291.7
12
25583.8
22
-1271.3
32
7291.7
13
25147.2
23
-1243.0
33
7243.1
0
3DFACE
8
SEATING - BALCONY
10
25147.2
20
-1243.0
30
7243.1
11
25583.8
21
-1271.3
31
7291.7
12
25625.0
22
0.0
32
7291.7
13
25187.5
23
0.0
33
7243.1
0
3DFACE
8
SEATING - BALCONY
10
25187.5
20
0.0
30
7243.1
11
25625.0
21
0.0
31
7291.7
12
25583.8
22
1271.3
32
7291.7
13
25147.2
23
1243.0
33
7243.1
0
3DFACE
8
SEATING - BALCONY
10
25147.2
20
1243.0
30
7243.1
11
25583.8
21
1271.3
31
7291.7
12
25460.3
22
2537.3
32
7291.7
13
25026.5
23
2480.8
33
7243.1
0
3DFACE
8
SEATING - BALCONY
10
25026.5
20
2480.8
30
7243.1
11
25460.3
21
2537.3
31
7291.7
12
25255.0
22
3792.6
32
7291.7
13
24825.8
23
3708.1
33
7243.1
0
3DFACE
8
SEATING - BALCONY
10
24825.8
20
3708.1
30
7243.1
11
25255.0
21
3792.6
31
7291.7
12
24968.9
22
5032.0
32
7291.7
13
24546.0
23
4919.9
33
7243.1
0
3DFACE
8
SEATING - BALCONY
10
24546.0
20
4919.9
30
7243.1
11
24968.9
21
5032.0
31
7291.7
12
24603.1
22
6250.3
32
7291.7
13
24188.4
23
6111.0
33
7243.1
0
3DFACE
8
SEATING - BALCONY
10
24188.4
20
6111.0
30
7243.1
11
24603.1
21
6250.3
31
7291.7
12
24159.1
22
7442.3
32
7291.7
13
23754.3
23
7276.4
33
7243.1
0
3DFACE
8
SEATING - BALCONY
10
23754.3
20
7276.4
30
7243.1
11
24159.1
21
7442.3
31
7291.7
12
23638.8
22
8603.0
32
7291.7
13
23245.6
23
8411.2
33
7243.1
0
3DFACE
8
SEATING - BALCONY
10
23245.6
20
8411.2
30
7243.1
11
23638.8
21
8603.0
31
7291.7
12
23044.5
22
9727.6
32
7291.7
13
22664.5
23
9510.8
33
7243.1
0
3DFACE
8
SEATING - BALCONY
10
22664.5
20
9510.8
30
7243.1
11
23044.5
21
9727.6
31
7291.7
12
22378.5
22
10811.4
32
7291.7
13
22013.4
23
10570.3
33
7243.1
0
3DFACE
8
SEATING - BALCONY
10
22013.4
20
10570.3
30
7243.1
11
22378.5
21
10811.4
31
7291.7
12
21643.7
22
11849.7
32
7291.7
13
21295.0
23
11585.5
33
7243.1
0
3DFACE
8
SEATING - BALCONY
10
21295.0
20
11585.5
30
7243.1
11
21643.7
21
11849.7
31
7291.7
12
20843.2
22
12838.2
32
7291.7
13
20512.3
23
12552.0
33
7243.1
0
3DFACE
8
SEATING - BALCONY
10
20512.3
20
12552.0
30
7243.1
11
20843.2
21
12838.2
31
7291.7
12
19980.4
22
13772.8
32
7291.7
13
19668.7
23
13465.7
33
7243.1
0
3DFACE
8
SEATING - BALCONY
10
19668.7
20
13465.7
30
7243.1
11
19980.4
21
13772.8
31
7291.7
12
19058.8
22
14649.5
32
7291.7
13
18767.7
23
14322.9
33
7243.1
0
3DFACE
8
SEATING - BALCONY
10
18767.7
20
14322.9
30
7243.1
11
19058.8
21
14649.5
31
7291.7
12
18082.4
22
15464.7
32
7291.7
13
17813.0
23
15120.0
33
7243.1
0
3DFACE
8
SEATING - BALCONY
10
18082.4
20
-15464.7
30
7291.7
11
18351.7
21
-15809.5
31
7340.3
12
19349.9
22
-14976.1
32
7340.3
13
19058.8
23
-14649.5
33
7291.7
0
3DFACE
8
SEATING - BALCONY
10
19058.8
20
-14649.5
30
7291.7
11
19349.9
21
-14976.1
31
7340.3
12
20292.0
22
-14079.8
32
7340.3
13
19980.4
23
-13772.8
33
7291.7
0
3DFACE
8
SEATING - BALCONY
10
19980.4
20
-13772.8
30
7291.7
11
20292.0
21
-14079.8
31
7340.3
12
21174.1
22
-13124.4
32
7340.3
13
20843.2
23
-12838.2
33
7291.7
0
3DFACE
8
SEATING - BALCONY
10
20843.2
20
-12838.2
30
7291.7
11
21174.1
21
-13124.4
31
7340.3
12
21992.5
22
-12113.8
32
7340.3
13
21643.7
23
-11849.7
33
7291.7
0
3DFACE
8
SEATING - BALCONY
10
21643.7
20
-11849.7
30
7291.7
11
21992.5
21
-12113.8
31
7340.3
12
22743.6
22
-11052.4
32
7340.3
13
22378.5
23
-10811.4
33
7291.7
0
3DFACE
8
SEATING - BALCONY
10
22378.5
20
-10811.4
30
7291.7
11
22743.6
21
-11052.4
31
7340.3
12
23424.4
22
-9944.5
32
7340.3
13
23044.5
23
-9727.6
33
7291.7
0
3DFACE
8
SEATING - BALCONY
10
23044.5
20
-9727.6
30
7291.7
11
23424.4
21
-9944.5
31
7340.3
12
24032.1
22
-8794.8
32
7340.3
13
23638.8
23
-8603.0
33
7291.7
0
3DFACE
8
SEATING - BALCONY
10
23638.8
20
-8603.0
30
7291.7
11
24032.1
21
-8794.8
31
7340.3
12
24563.9
22
-7608.2
32
7340.3
13
24159.1
23
-7442.3
33
7291.7
0
3DFACE
8
SEATING - BALCONY
10
24159.1
20
-7442.3
30
7291.7
11
24563.9
21
-7608.2
31
7340.3
12
25017.8
22
-6389.6
32
7340.3
13
24603.1
23
-6250.3
33
7291.7
0
3DFACE
8
SEATING - BALCONY
10
24603.1
20
-6250.3
30
7291.7
11
25017.8
21
-6389.6
31
7340.3
12
25391.8
22
-5144.2
32
7340.3
13
24968.9
23
-5032.0
33
7291.7
0
3DFACE
8
SEATING - BALCONY
10
24968.9
20
-5032.0
30
7291.7
11
25391.8
21
-5144.2
31
7340.3
12
25684.3
22
-3877.2
32
7340.3
13
25255.0
23
-3792.6
33
7291.7
0
3DFACE
8
SEATING - BALCONY
10
25255.0
20
-3792.6
30
7291.7
11
25684.3
21
-3877.2
31
7340.3
12
25894.1
22
-2593.9
32
7340.3
13
25460.3
23
-2537.3
33
7291.7
0
3DFACE
8
SEATING - BALCONY
10
25460.3
20
-2537.3
30
7291.7
11
25894.1
21
-2593.9
31
7340.3
12
26020.4
22
-1299.7
32
7340.3
13
25583.8
23
-1271.3
33
7291.7
0
3DFACE
8
SEATING - BALCONY
10
25583.8
20
-1271.3
30
7291.7
11
26020.4
21
-1299.7
31
7340.3
12
26062.5
22
0.0
32
7340.3
13
25625.0
23
0.0
33
7291.7
0
3DFACE
8
SEATING - BALCONY
10
25625.0
20
0.0
30
7291.7
11
26062.5
21
0.0
31
7340.3
12
26020.4
22
1299.7
32
7340.3
13
25583.8
23
1271.3
33
7291.7
0
3DFACE
8
SEATING - BALCONY
10
25583.8
20
1271.3
30
7291.7
11
26020.4
21
1299.7
31
7340.3
12
25894.1
22
2593.9
32
7340.3
13
25460.3
23
2537.3
33
7291.7
0
3DFACE
8
SEATING - BALCONY
10
25460.3
20
2537.3
30
7291.7
11
25894.1
21
2593.9
31
7340.3
12
25684.3
22
3877.2
32
7340.3
13
25255.0
23
3792.6
33
7291.7
0
3DFACE
8
SEATING - BALCONY
10
25255.0
20
3792.6
30
7291.7
11
25684.3
21
3877.2
31
7340.3
12
25391.8
22
5144.2
32
7340.3
13
24968.9
23
5032.0
33
7291.7
0
3DFACE
8
SEATING - BALCONY
10
24968.9
20
5032.0
30
7291.7
11
25391.8
21
5144.2
31
7340.3
12
25017.8
22
6389.6
32
7340.3
13
24603.1
23
6250.3
33
7291.7
0
3DFACE
8
SEATING - BALCONY
10
24603.1
20
6250.3
30
7291.7
11
25017.8
21
6389.6
31
7340.3
12
24563.9
22
7608.2
32
7340.3
13
24159.1
23
7442.3
33
7291.7
0
3DFACE
8
SEATING - BALCONY
10
24159.1
20
7442.3
30
7291.7
11
24563.9
21
7608.2
31
7340.3
12
24032.1
22
8794.8
32
7340.3
13
23638.8
23
8603.0
33
7291.7
0
3DFACE
8
SEATING - BALCONY
10
23638.8
20
8603.0
30
7291.7
11
24032.1
21
8794.8
31
7340.3
12
23424.4
22
9944.5
32
7340.3
13
23044.5
23
9727.6
33
7291.7
0
3DFACE
8
SEATING - BALCONY
10
23044.5
20
9727.6
30
7291.7
11
23424.4
21
9944.5
31
7340.3
12
22743.6
22
11052.4
32
7340.3
13
22378.5
23
10811.4
33
7291.7
0
3DFACE
8
SEATING - BALCONY
10
22378.5
20
10811.4
30
7291.7
11
22743.6
21
11052.4
31
7340.3
12
21992.5
22
12113.8
32
7340.3
13
21643.7
23
11849.7
33
7291.7
0
3DFACE
8
SEATING - BALCONY
10
21643.7
20
11849.7
30
7291.7
11
21992.5
21
12113.8
31
7340.3
12
21174.1
22
13124.4
32
7340.3
13
20843.2
23
12838.2
33
7291.7
0
3DFACE
8
SEATING - BALCONY
10
20843.2
20
12838.2
30
7291.7
11
21174.1
21
13124.4
31
7340.3
12
20292.0
22
14079.8
32
7340.3
13
19980.4
23
13772.8
33
7291.7
0
3DFACE
8
SEATING - BALCONY
10
19980.4
20
13772.8
30
7291.7
11
20292.0
21
14079.8
31
7340.3
12
19349.9
22
14976.1
32
7340.3
13
19058.8
23
14649.5
33
7291.7
0
3DFACE
8
SEATING - BALCONY
10
19058.8
20
14649.5
30
7291.7
11
19349.9
21
14976.1
31
7340.3
12
18351.7
22
15809.5
32
7340.3
13
18082.4
23
15464.7
33
7291.7
0
3DFACE
8
SEATING - BALCONY
10
18351.7
20
-15809.5
30
7340.3
11
18621.1
21
-16154.2
31
7388.9
12
19641.0
22
-15302.7
32
7388.9
13
19349.9
23
-14976.1
33
7340.3
0
3DFACE
8
SEATING - BALCONY
10
19349.9
20
-14976.1
30
7340.3
11
19641.0
21
-15302.7
31
7388.9
12
20603.7
22
-14386.9
32
7388.9
13
20292.0
23
-14079.8
33
7340.3
0
3DFACE
8
SEATING - BALCONY
10
20292.0
20
-14079.8
30
7340.3
11
20603.7
21
-14386.9
31
7388.9
12
21505.0
22
-13410.6
32
7388.9
13
21174.1
23
-13124.4
33
7340.3
0
3DFACE
8
SEATING - BALCONY
10
21174.1
20
-13124.4
30
7340.3
11
21505.0
21
-13410.6
31
7388.9
12
22341.2
22
-12378.0
32
7388.9
13
21992.5
23
-12113.8
33
7340.3
0
3DFACE
8
SEATING - BALCONY
10
21992.5
20
-12113.8
30
7340.3
11
22341.2
21
-12378.0
31
7388.9
12
23108.8
22
-11293.4
32
7388.9
13
22743.6
23
-11052.4
33
7340.3
0
3DFACE
8
SEATING - BALCONY
10
22743.6
20
-11052.4
30
7340.3
11
23108.8
21
-11293.4
31
7388.9
12
23804.4
22
-10161.3
32
7388.9
13
23424.4
23
-9944.5
33
7340.3
0
3DFACE
8
SEATING - BALCONY
10
23424.4
20
-9944.5
30
7340.3
11
23804.4
21
-10161.3
31
7388.9
12
24425.3
22
-8986.6
32
7388.9
13
24032.1
23
-8794.8
33
7340.3
0
3DFACE
8
SEATING - BALCONY
10
24032.1
20
-8794.8
30
7340.3
11
24425.3
21
-8986.6
31
7388.9
12
24968.7
22
-7774.1
32
7388.9
13
24563.9
23
-7608.2
33
7340.3
0
3DFACE
8
SEATING - BALCONY
10
24563.9
20
-7608.2
30
7340.3
11
24968.7
21
-7774.1
31
7388.9
12
25432.5
22
-6529.0
32
7388.9
13
25017.8
23
-6389.6
33
7340.3
0
3DFACE
8
SEATING - BALCONY
10
25017.8
20
-6389.6
30
7340.3
11
25432.5
21
-6529.0
31
7388.9
12
25814.6
22
-5256.4
32
7388.9
13
25391.8
23
-5144.2
33
7340.3
0
3DFACE
8
SEATING - BALCONY
10
25391.8
20
-5144.2
30
7340.3
11
25814.6
21
-5256.4
31
7388.9
12
26113.5
22
-3961.7
32
7388.9
13
25684.3
23
-3877.2
33
7340.3
0
3DFACE
8
SEATING - BALCONY
10
25684.3
20
-3877.2
30
7340.3
11
26113.5
21
-3961.7
31
7388.9
12
26327.9
22
-2650.4
32
7388.9
13
25894.1
23
-2593.9
33
7340.3
0
3DFACE
8
SEATING - BALCONY
10
25894.1
20
-2593.9
30
7340.3
11
26327.9
21
-2650.4
31
7388.9
12
26456.9
22
-1328.0
32
7388.9
13
26020.4
23
-1299.7
33
7340.3
0
3DFACE
8
SEATING - BALCONY
10
26020.4
20
-1299.7
30
7340.3
11
26456.9
21
-1328.0
31
7388.9
12
26500.0
22
0.0
32
7388.9
13
26062.5
23
0.0
33
7340.3
0
3DFACE
8
SEATING - BALCONY
10
26062.5
20
0.0
30
7340.3
11
26500.0
21
0.0
31
7388.9
12
26456.9
22
1328.0
32
7388.9
13
26020.4
23
1299.7
33
7340.3
0
3DFACE
8
SEATING - BALCONY
10
26020.4
20
1299.7
30
7340.3
11
26456.9
21
1328.0
31
7388.9
12
26327.9
22
2650.4
32
7388.9
13
25894.1
23
2593.9
33
7340.3
0
3DFACE
8
SEATING - BALCONY
10
25894.1
20
2593.9
30
7340.3
11
26327.9
21
2650.4
31
7388.9
12
26113.5
22
3961.7
32
7388.9
13
25684.3
23
3877.2
33
7340.3
0
3DFACE
8
SEATING - BALCONY
10
25684.3
20
3877.2
30
7340.3
11
26113.5
21
3961.7
31
7388.9
12
25814.6
22
5256.4
32
7388.9
13
25391.8
23
5144.2
33
7340.3
0
3DFACE
8
SEATING - BALCONY
10
25391.8
20
5144.2
30
7340.3
11
25814.6
21
5256.4
31
7388.9
12
25432.5
22
6529.0
32
7388.9
13
25017.8
23
6389.6
33
7340.3
0
3DFACE
8
SEATING - BALCONY
10
25017.8
20
6389.6
30
7340.3
11
25432.5
21
6529.0
31
7388.9
12
24968.7
22
7774.1
32
7388.9
13
24563.9
23
7608.2
33
7340.3
0
3DFACE
8
SEATING - BALCONY
10
24563.9
20
7608.2
30
7340.3
11
24968.7
21
7774.1
31
7388.9
12
24425.3
22
8986.6
32
7388.9
13
24032.1
23
8794.8
33
7340.3
0
3DFACE
8
SEATING - BALCONY
10
24032.1
20
8794.8
30
7340.3
11
24425.3
21
8986.6
31
7388.9
12
23804.4
22
10161.3
32
7388.9
13
23424.4
23
9944.5
33
7340.3
0
3DFACE
8
SEATING - BALCONY
10
23424.4
20
9944.5
30
7340.3
11
23804.4
21
10161.3
31
7388.9
12
23108.8
22
11293.4
32
7388.9
13
22743.6
23
11052.4
33
7340.3
0
3DFACE
8
SEATING - BALCONY
10
22743.6
20
11052.4
30
7340.3
11
23108.8
21
11293.4
31
7388.9
12
22341.2
22
12378.0
32
7388.9
13
21992.5
23
12113.8
33
7340.3
0
3DFACE
8
SEATING - BALCONY
10
21992.5
20
12113.8
30
7340.3
11
22341.2
21
12378.0
31
7388.9
12
21505.0
22
13410.6
32
7388.9
13
21174.1
23
13124.4
33
7340.3
0
3DFACE
8
SEATING - BALCONY
10
21174.1
20
13124.4
30
7340.3
11
21505.0
21
13410.6
31
7388.9
12
20603.7
22
14386.9
32
7388.9
13
20292.0
23
14079.8
33
7340.3
0
3DFACE
8
SEATING - BALCONY
10
20292.0
20
14079.8
30
7340.3
11
20603.7
21
14386.9
31
7388.9
12
19641.0
22
15302.7
32
7388.9
13
19349.9
23
14976.1
33
7340.3
0
3DFACE
8
SEATING - BALCONY
10
19349.9
20
14976.1
30
7340.3
11
19641.0
21
15302.7
31
7388.9
12
18621.1
22
16154.2
32
7388.9
13
18351.7
23
15809.5
33
7340.3
0
3DFACE
8
SEATING - BALCONY
10
18621.1
20
-16154.2
30
7388.9
11
18890.4
21
-16499.0
31
7437.5
12
19932.2
22
-15629.3
32
7437.5
13
19641.0
23
-15302.7
33
7388.9
0
3DFACE
8
SEATING - BALCONY
10
19641.0
20
-15302.7
30
7388.9
11
19932.2
21
-15629.3
31
7437.5
12
20915.4
22
-14693.9
32
7437.5
13
20603.7
23
-14386.9
33
7388.9
0
3DFACE
8
SEATING - BALCONY
10
20603.7
20
-14386.9
30
7388.9
11
20915.4
21
-14693.9
31
7437.5
12
21835.9
22
-13696.8
32
7437.5
13
21505.0
23
-13410.6
33
7388.9
0
3DFACE
8
SEATING - BALCONY
10
21505.0
20
-13410.6
30
7388.9
11
21835.9
21
-13696.8
31
7437.5
12
22690.0
22
-12642.2
32
7437.5
13
22341.2
23
-12378.0
33
7388.9
0
3DFACE
8
SEATING - BALCONY
10
22341.2
20
-12378.0
30
7388.9
11
22690.0
21
-12642.2
31
7437.5
12
23473.9
22
-11534.4
32
7437.5
13
23108.8
23
-11293.4
33
7388.9
0
3DFACE
8
SEATING - BALCONY
10
23108.8
20
-11293.4
30
7388.9
11
23473.9
21
-11534.4
31
7437.5
12
24184.4
22
-10378.2
32
7437.5
13
23804.4
23
-10161.3
33
7388.9
0
3DFACE
8
SEATING - BALCONY
10
23804.4
20
-10161.3
30
7388.9
11
24184.4
21
-10378.2
31
7437.5
12
24818.5
22
-9178.4
32
7437.5
13
24425.3
23
-8986.6
33
7388.9
0
3DFACE
8
SEATING - BALCONY
10
24425.3
20
-8986.6
30
7388.9
11
24818.5
21
-9178.4
31
7437.5
12
25373.6
22
-7940.0
32
7437.5
13
24968.7
23
-7774.1
33
7388.9
0
3DFACE
8
SEATING - BALCONY
10
24968.7
20
-7774.1
30
7388.9
11
25373.6
21
-7940.0
31
7437.5
12
25847.2
22
-6668.3
32
7437.5
13
25432.5
23
-6529.0
33
7388.9
0
3DFACE
8
SEATING - BALCONY
10
25432.5
20
-6529.0
30
7388.9
11
25847.2
21
-6668.3
31
7437.5
12
26237.5
22
-5368.6
32
7437.5
13
25814.6
23
-5256.4
33
7388.9
0
3DFACE
8
SEATING - BALCONY
10
25814.6
20
-5256.4
30
7388.9
11
26237.5
21
-5368.6
31
7437.5
12
26542.8
22
-4046.3
32
7437.5
13
26113.5
23
-3961.7
33
7388.9
0
3DFACE
8
SEATING - BALCONY
10
26113.5
20
-3961.7
30
7388.9
11
26542.8
21
-4046.3
31
7437.5
12
26761.8
22
-2707.0
32
7437.5
13
26327.9
23
-2650.4
33
7388.9
0
3DFACE
8
SEATING - BALCONY
10
26327.9
20
-2650.4
30
7388.9
11
26761.8
21
-2707.0
31
7437.5
12
26893.5
22
-1356.4
32
7437.5
13
26456.9
23
-1328.0
33
7388.9
0
3DFACE
8
SEATING - BALCONY
10
26456.9
20
-1328.0
30
7388.9
11
26893.5
21
-1356.4
31
7437.5
12
26937.5
22
0.0
32
7437.5
13
26500.0
23
0.0
33
7388.9
0
3DFACE
8
SEATING - BALCONY
10
26500.0
20
0.0
30
7388.9
11
26937.5
21
0.0
31
7437.5
12
26893.5
22
1356.4
32
7437.5
13
26456.9
23
1328.0
33
7388.9
0
3DFACE
8
SEATING - BALCONY
10
26456.9
20
1328.0
30
7388.9
11
26893.5
21
1356.4
31
7437.5
12
26761.8
22
2707.0
32
7437.5
13
26327.9
23
2650.4
33
7388.9
0
3DFACE
8
SEATING - BALCONY
10
26327.9
20
2650.4
30
7388.9
11
26761.8
21
2707.0
31
7437.5
12
26542.8
22
4046.3
32
7437.5
13
26113.5
23
3961.7
33
7388.9
0
3DFACE
8
SEATING - BALCONY
10
26113.5
20
3961.7
30
7388.9
11
26542.8
21
4046.3
31
7437.5
12
26237.5
22
5368.6
32
7437.5
13
25814.6
23
5256.4
33
7388.9
0
3DFACE
8
SEATING - BALCONY
10
25814.6
20
5256.4
30
7388.9
11
26237.5
21
5368.6
31
7437.5
12
25847.2
22
6668.3
32
7437.5
13
25432.5
23
6529.0
33
7388.9
0
3DFACE
8
SEATING - BALCONY
10
25432.5
20
6529.0
30
7388.9
11
25847.2
21
6668.3
31
7437.5
12
25373.6
22
7940.0
32
7437.5
13
24968.7
23
7774.1
33
7388.9
0
3DFACE
8
SEATING - BALCONY
10
24968.7
20
7774.1
30
7388.9
11
25373.6
21
7940.0
31
7437.5
12
24818.5
22
9178.4
32
7437.5
13
24425.3
23
8986.6
33
7388.9
0
3DFACE
8
SEATING - BALCONY
10
24425.3
20
8986.6
30
7388.9
11
24818.5
21
9178.4
31
7437.5
12
24184.4
22
10378.2
32
7437.5
13
23804.4
23
10161.3
33
7388.9
0
3DFACE
8
SEATING - BALCONY
10
23804.4
20
10161.3
30
7388.9
11
24184.4
21
10378.2
31
7437.5
12
23473.9
22
11534.4
32
7437.5
13
23108.8
23
11293.4
33
7388.9
0
3DFACE
8
SEATING - BALCONY
10
23108.8
20
11293.4
30
7388.9
11
23473.9
21
11534.4
31
7437.5
12
22690.0
22
12642.2
32
7437.5
13
22341.2
23
12378.0
33
7388.9
0
3DFACE
8
SEATING - BALCONY
10
22341.2
20
12378.0
30
7388.9
11
22690.0
21
12642.2
31
7437.5
12
21835.9
22
13696.8
32
7437.5
13
21505.0
23
13410.6
33
7388.9
0
3DFACE
8
SEATING - BALCONY
10
21505.0
20
13410.6
30
7388.9
11
21835.9
21
13696.8
31
7437.5
12
20915.4
22
14693.9
32
7437.5
13
20603.7
23
14386.9
33
7388.9
0
3DFACE
8
SEATING - BALCONY
10
20603.7
20
14386.9
30
7388.9
11
20915.4
21
14693.9
31
7437.5
12
19932.2
22
15629.3
32
7437.5
13
19641.0
23
15302.7
33
7388.9
0
3DFACE
8
SEATING - BALCONY
10
19641.0
20
15302.7
30
7388.9
11
19932.2
21
15629.3
31
7437.5
12
18890.4
22
16499.0
32
7437.5
13
18621.1
23
16154.2
33
7388.9
0
3DFACE
8
SEATING - BALCONY
10
18890.4
20
-16499.0
30
7437.5
11
19159.8
21
-16843.7
31
7486.1
12
20223.3
22
-15955.8
32
7486.1
13
19932.2
23
-15629.3
33
7437.5
0
3DFACE
8
SEATING - BALCONY
10
19932.2
20
-15629.3
30
7437.5
11
20223.3
21
-15955.8
31
7486.1
12
21227.0
22
-15000.9
32
7486.1
13
20915.4
23
-14693.9
33
7437.5
0
3DFACE
8
SEATING - BALCONY
10
20915.4
20
-14693.9
30
7437.5
11
21227.0
21
-15000.9
31
7486.1
12
22166.8
22
-13983.0
32
7486.1
13
21835.9
23
-13696.8
33
7437.5
0
3DFACE
8
SEATING - BALCONY
10
21835.9
20
-13696.8
30
7437.5
11
22166.8
21
-13983.0
31
7486.1
12
23038.7
22
-12906.3
32
7486.1
13
22690.0
23
-12642.2
33
7437.5
0
3DFACE
8
SEATING - BALCONY
10
22690.0
20
-12642.2
30
7437.5
11
23038.7
21
-12906.3
31
7486.1
12
23839.0
22
-11775.4
32
7486.1
13
23473.9
23
-11534.4
33
7437.5
0
3DFACE
8
SEATING - BALCONY
10
23473.9
20
-11534.4
30
7437.5
11
23839.0
21
-11775.4
31
7486.1
12
24564.4
22
-10595.1
32
7486.1
13
24184.4
23
-10378.2
33
7437.5
0
3DFACE
8
SEATING - BALCONY
10
24184.4
20
-10378.2
30
7437.5
11
24564.4
21
-10595.1
31
7486.1
12
25211.7
22
-9370.2
32
7486.1
13
24818.5
23
-9178.4
33
7437.5
0
3DFACE
8
SEATING - BALCONY
10
24818.5
20
-9178.4
30
7437.5
11
25211.7
21
-9370.2
31
7486.1
12
25778.4
22
-8105.9
32
7486.1
13
25373.6
23
-7940.0
33
7437.5
0
3DFACE
8
SEATING - BALCONY
10
25373.6
20
-7940.0
30
7437.5
11
25778.4
21
-8105.9
31
7486.1
12
26261.9
22
-6807.7
32
7486.1
13
25847.2
23
-6668.3
33
7437.5
0
3DFACE
8
SEATING - BALCONY
10
25847.2
20
-6668.3
30
7437.5
11
26261.9
21
-6807.7
31
7486.1
12
26660.4
22
-5480.8
32
7486.1
13
26237.5
23
-5368.6
33
7437.5
0
3DFACE
8
SEATING - BALCONY
10
26237.5
20
-5368.6
30
7437.5
11
26660.4
21
-5480.8
31
7486.1
12
26972.0
22
-4130.8
32
7486.1
13
26542.8
23
-4046.3
33
7437.5
0
3DFACE
8
SEATING - BALCONY
10
26542.8
20
-4046.3
30
7437.5
11
26972.0
21
-4130.8
31
7486.1
12
27195.6
22
-2763.6
32
7486.1
13
26761.8
23
-2707.0
33
7437.5
0
3DFACE
8
SEATING - BALCONY
10
26761.8
20
-2707.0
30
7437.5
11
27195.6
21
-2763.6
31
7486.1
12
27330.1
22
-1384.7
32
7486.1
13
26893.5
23
-1356.4
33
7437.5
0
3DFACE
8
SEATING - BALCONY
10
26893.5
20
-1356.4
30
7437.5
11
27330.1
21
-1384.7
31
7486.1
12
27375.0
22
0.0
32
7486.1
13
26937.5
23
0.0
33
7437.5
0
3DFACE
8
SEATING - BALCONY
10
26937.5
20
0.0
30
7437.5
11
27375.0
21
0.0
31
7486.1
12
27330.1
22
1384.7
32
7486.1
13
26893.5
23
1356.4
33
7437.5
0
3DFACE
8
SEATING - BALCONY
10
26893.5
20
1356.4
30
7437.5
11
27330.1
21
1384.7
31
7486.1
12
27195.6
22
2763.6
32
7486.1
13
26761.8
23
2707.0
33
7437.5
0
3DFACE
8
SEATING - BALCONY
10
26761.8
20
2707.0
30
7437.5
11
27195.6
21
2763.6
31
7486.1
12
26972.0
22
4130.8
32
7486.1
13
26542.8
23
4046.3
33
7437.5
0
3DFACE
8
SEATING - BALCONY
10
26542.8
20
4046.3
30
7437.5
11
26972.0
21
4130.8
31
7486.1
12
26660.4
22
5480.8
32
7486.1
13
26237.5
23
5368.6
33
7437.5
0
3DFACE
8
SEATING - BALCONY
10
26237.5
20
5368.6
30
7437.5
11
26660.4
21
5480.8
31
7486.1
12
26261.9
22
6807.7
32
7486.1
13
25847.2
23
6668.3
33
7437.5
0
3DFACE
8
SEATING - BALCONY
10
25847.2
20
6668.3
30
7437.5
11
26261.9
21
6807.7
31
7486.1
12
25778.4
22
8105.9
32
7486.1
13
25373.6
23
7940.0
33
7437.5
0
3DFACE
8
SEATING - BALCONY
10
25373.6
20
7940.0
30
7437.5
11
25778.4
21
8105.9
31
7486.1
12
25211.7
22
9370.2
32
7486.1
13
24818.5
23
9178.4
33
7437.5
0
3DFACE
8
SEATING - BALCONY
10
24818.5
20
9178.4
30
7437.5
11
25211.7
21
9370.2
31
7486.1
12
24564.4
22
10595.1
32
7486.1
13
24184.4
23
10378.2
33
7437.5
0
3DFACE
8
SEATING - BALCONY
10
24184.4
20
10378.2
30
7437.5
11
24564.4
21
10595.1
31
7486.1
12
23839.0
22
11775.4
32
7486.1
13
23473.9
23
11534.4
33
7437.5
0
3DFACE
8
SEATING - BALCONY
10
23473.9
20
11534.4
30
7437.5
11
23839.0
21
11775.4
31
7486.1
12
23038.7
22
12906.3
32
7486.1
13
22690.0
23
12642.2
33
7437.5
0
3DFACE
8
SEATING - BALCONY
10
22690.0
20
12642.2
30
7437.5
11
23038.7
21
12906.3
31
7486.1
12
22166.8
22
13983.0
32
7486.1
13
21835.9
23
13696.8
33
7437.5
0
3DFACE
8
SEATING - BALCONY
10
21835.9
20
13696.8
30
7437.5
11
22166.8
21
13983.0
31
7486.1
12
21227.0
22
15000.9
32
7486.1
13
20915.4
23
14693.9
33
7437.5
0
3DFACE
8
SEATING - BALCONY
10
20915.4
20
14693.9
30
7437.5
11
21227.0
21
15000.9
31
7486.1
12
20223.3
22
15955.8
32
7486.1
13
19932.2
23
15629.3
33
7437.5
0
3DFACE
8
SEATING - BALCONY
10
19932.2
20
15629.3
30
7437.5
11
20223.3
21
15955.8
31
7486.1
12
19159.8
22
16843.7
32
7486.1
13
18890.4
23
16499.0
33
7437.5
0
3DFACE
8
SEATING - BALCONY
10
19159.8
20
-16843.7
30
7486.1
11
19429.1
21
-17188.5
31
7534.7
12
20514.4
22
-16282.4
32
7534.7
13
20223.3
23
-15955.8
33
7486.1
0
3DFACE
8
SEATING - BALCONY
10
20223.3
20
-15955.8
30
7486.1
11
20514.4
21
-16282.4
31
7534.7
12
21538.7
22
-15308.0
32
7534.7
13
21227.0
23
-15000.9
33
7486.1
0
3DFACE
8
SEATING - BALCONY
10
21227.0
20
-15000.9
30
7486.1
11
21538.7
21
-15308.0
31
7534.7
12
22497.7
22
-14269.2
32
7534.7
13
22166.8
23
-13983.0
33
7486.1
0
3DFACE
8
SEATING - BALCONY
10
22166.8
20
-13983.0
30
7486.1
11
22497.7
21
-14269.2
31
7534.7
12
23387.5
22
-13170.5
32
7534.7
13
23038.7
23
-12906.3
33
7486.1
0
3DFACE
8
SEATING - BALCONY
10
23038.7
20
-12906.3
30
7486.1
11
23387.5
21
-13170.5
31
7534.7
12
24204.1
22
-12016.4
32
7534.7
13
23839.0
23
-11775.4
33
7486.1
0
3DFACE
8
SEATING - BALCONY
10
23839.0
20
-11775.4
30
7486.1
11
24204.1
21
-12016.4
31
7534.7
12
24944.3
22
-10811.9
32
7534.7
13
24564.4
23
-10595.1
33
7486.1
0
3DFACE
8
SEATING - BALCONY
10
24564.4
20
-10595.1
30
7486.1
11
24944.3
21
-10811.9
31
7534.7
12
25604.9
22
-9562.0
32
7534.7
13
25211.7
23
-9370.2
33
7486.1
0
3DFACE
8
SEATING - BALCONY
10
25211.7
20
-9370.2
30
7486.1
11
25604.9
21
-9562.0
31
7534.7
12
26183.2
22
-8271.9
32
7534.7
13
25778.4
23
-8105.9
33
7486.1
0
3DFACE
8
SEATING - BALCONY
10
25778.4
20
-8105.9
30
7486.1
11
26183.2
21
-8271.9
31
7534.7
12
26676.7
22
-6947.0
32
7534.7
13
26261.9
23
-6807.7
33
7486.1
0
3DFACE
8
SEATING - BALCONY
10
26261.9
20
-6807.7
30
7486.1
11
26676.7
21
-6947.0
31
7534.7
12
27083.3
22
-5592.9
32
7534.7
13
26660.4
23
-5480.8
33
7486.1
0
3DFACE
8
SEATING - BALCONY
10
26660.4
20
-5480.8
30
7486.1
11
27083.3
21
-5592.9
31
7534.7
12
27401.3
22
-4215.4
32
7534.7
13
26972.0
23
-4130.8
33
7486.1
0
3DFACE
8
SEATING - BALCONY
10
26972.0
20
-4130.8
30
7486.1
11
27401.3
21
-4215.4
31
7534.7
12
27629.4
22
-2820.1
32
7534.7
13
27195.6
23
-2763.6
33
7486.1
0
3DFACE
8
SEATING - BALCONY
10
27195.6
20
-2763.6
30
7486.1
11
27629.4
21
-2820.1
31
7534.7
12
27766.7
22
-1413.0
32
7534.7
13
27330.1
23
-1384.7
33
7486.1
0
3DFACE
8
SEATING - BALCONY
10
27330.1
20
-1384.7
30
7486.1
11
27766.7
21
-1413.0
31
7534.7
12
27812.5
22
0.0
32
7534.7
13
27375.0
23
0.0
33
7486.1
0
3DFACE
8
SEATING - BALCONY
10
27375.0
20
0.0
30
7486.1
11
27812.5
21
0.0
31
7534.7
12
27766.7
22
1413.0
32
7534.7
13
27330.1
23
1384.7
33
7486.1
0
3DFACE
8
SEATING - BALCONY
10
27330.1
20
1384.7
30
7486.1
11
27766.7
21
1413.0
31
7534.7
12
27629.4
22
2820.1
32
7534.7
13
27195.6
23
2763.6
33
7486.1
0
3DFACE
8
SEATING - BALCONY
10
27195.6
20
2763.6
30
7486.1
11
27629.4
21
2820.1
31
7534.7
12
27401.3
22
4215.4
32
7534.7
13
26972.0
23
4130.8
33
7486.1
0
3DFACE
8
SEATING - BALCONY
10
26972.0
20
4130.8
30
7486.1
11
27401.3
21
4215.4
31
7534.7
12
27083.3
22
5592.9
32
7534.7
13
26660.4
23
5480.8
33
7486.1
0
3DFACE
8
SEATING - BALCONY
10
26660.4
20
5480.8
30
7486.1
11
27083.3
21
5592.9
31
7534.7
12
26676.7
22
6947.0
32
7534.7
13
26261.9
23
6807.7
33
7486.1
0
3DFACE
8
SEATING - BALCONY
10
26261.9
20
6807.7
30
7486.1
11
26676.7
21
6947.0
31
7534.7
12
26183.2
22
8271.9
32
7534.7
13
25778.4
23
8105.9
33
7486.1
0
3DFACE
8
SEATING - BALCONY
10
25778.4
20
8105.9
30
7486.1
11
26183.2
21
8271.9
31
7534.7
12
25604.9
22
9562.0
32
7534.7
13
25211.7
23
9370.2
33
7486.1
0
3DFACE
8
SEATING - BALCONY
10
25211.7
20
9370.2
30
7486.1
11
25604.9
21
9562.0
31
7534.7
12
24944.3
22
10811.9
32
7534.7
13
24564.4
23
10595.1
33
7486.1
0
3DFACE
8
SEATING - BALCONY
10
24564.4
20
10595.1
30
7486.1
11
24944.3
21
10811.9
31
7534.7
12
24204.1
22
12016.4
32
7534.7
13
23839.0
23
11775.4
33
7486.1
0
3DFACE
8
SEATING - BALCONY
10
23839.0
20
11775.4
30
7486.1
11
24204.1
21
12016.4
31
7534.7
12
23387.5
22
13170.5
32
7534.7
13
23038.7
23
12906.3
33
7486.1
0
3DFACE
8
SEATING - BALCONY
10
23038.7
20
12906.3
30
7486.1
11
23387.5
21
13170.5
31
7534.7
12
22497.7
22
14269.2
32
7534.7
13
22166.8
23
13983.0
33
7486.1
0
3DFACE
8
SEATING - BALCONY
10
22166.8
20
13983.0
30
7486.1
11
22497.7
21
14269.2
31
7534.7
12
21538.7
22
15308.0
32
7534.7
13
21227.0
23
15000.9
33
7486.1
0
3DFACE
8
SEATING - BALCONY
10
21227.0
20
15000.9
30
7486.1
11
21538.7
21
15308.0
31
7534.7
12
20514.4
22
16282.4
32
7534.7
13
20223.3
23
15955.8
33
7486.1
0
3DFACE
8
SEATING - BALCONY
10
20223.3
20
15955.8
30
7486.1
11
20514.4
21
16282.4
31
7534.7
12
19429.1
22
17188.5
32
7534.7
13
19159.8
23
16843.7
33
7486.1
0
3DFACE
8
SEATING - BALCONY
10
19429.1
20
-17188.5
30
7534.7
11
19698.5
21
-17533.2
31
7583.3
12
20805.5
22
-16609.0
32
7583.3
13
20514.4
23
-16282.4
33
7534.7
0
3DFACE
8
SEATING - BALCONY
10
20514.4
20
-16282.4
30
7534.7
11
20805.5
21
-16609.0
31
7583.3
12
21850.4
22
-15615.0
32
7583.3
13
21538.7
23
-15308.0
33
7534.7
0
3DFACE
8
SEATING - BALCONY
10
21538.7
20
-15308.0
30
7534.7
11
21850.4
21
-15615.0
31
7583.3
12
22828.6
22
-14555.4
32
7583.3
13
22497.7
23
-14269.2
33
7534.7
0
3DFACE
8
SEATING - BALCONY
10
22497.7
20
-14269.2
30
7534.7
11
22828.6
21
-14555.4
31
7583.3
12
23736.2
22
-13434.6
32
7583.3
13
23387.5
23
-13170.5
33
7534.7
0
3DFACE
8
SEATING - BALCONY
10
23387.5
20
-13170.5
30
7534.7
11
23736.2
21
-13434.6
31
7583.3
12
24569.3
22
-12257.5
32
7583.3
13
24204.1
23
-12016.4
33
7534.7
0
3DFACE
8
SEATING - BALCONY
10
24204.1
20
-12016.4
30
7534.7
11
24569.3
21
-12257.5
31
7583.3
12
25324.3
22
-11028.8
32
7583.3
13
24944.3
23
-10811.9
33
7534.7
0
3DFACE
8
SEATING - BALCONY
10
24944.3
20
-10811.9
30
7534.7
11
25324.3
21
-11028.8
31
7583.3
12
25998.2
22
-9753.8
32
7583.3
13
25604.9
23
-9562.0
33
7534.7
0
3DFACE
8
SEATING - BALCONY
10
25604.9
20
-9562.0
30
7534.7
11
25998.2
21
-9753.8
31
7583.3
12
26588.0
22
-8437.8
32
7583.3
13
26183.2
23
-8271.9
33
7534.7
0
3DFACE
8
SEATING - BALCONY
10
26183.2
20
-8271.9
30
7534.7
11
26588.0
21
-8437.8
31
7583.3
12
27091.4
22
-7086.3
32
7583.3
13
26676.7
23
-6947.0
33
7534.7
0
3DFACE
8
SEATING - BALCONY
10
26676.7
20
-6947.0
30
7534.7
11
27091.4
21
-7086.3
31
7583.3
12
27506.1
22
-5705.1
32
7583.3
13
27083.3
23
-5592.9
33
7534.7
0
3DFACE
8
SEATING - BALCONY
10
27083.3
20
-5592.9
30
7534.7
11
27506.1
21
-5705.1
31
7583.3
12
27830.6
22
-4299.9
32
7583.3
13
27401.3
23
-4215.4
33
7534.7
0
3DFACE
8
SEATING - BALCONY
10
27401.3
20
-4215.4
30
7534.7
11
27830.6
21
-4299.9
31
7583.3
12
28063.3
22
-2876.7
32
7583.3
13
27629.4
23
-2820.1
33
7534.7
0
3DFACE
8
SEATING - BALCONY
10
27629.4
20
-2820.1
30
7534.7
11
28063.3
21
-2876.7
31
7583.3
12
28203.3
22
-1441.4
32
7583.3
13
27766.7
23
-1413.0
33
7534.7
0
3DFACE
8
SEATING - BALCONY
10
27766.7
20
-1413.0
30
7534.7
11
28203.3
21
-1441.4
31
7583.3
12
28250.0
22
0.0
32
7583.3
13
27812.5
23
0.0
33
7534.7
0
3DFACE
8
SEATING - BALCONY
10
27812.5
20
0.0
30
7534.7
11
28250.0
21
0.0
31
7583.3
12
28203.3
22
1441.4
32
7583.3
13
27766.7
23
1413.0
33
7534.7
0
3DFACE
8
SEATING - BALCONY
10
27766.7
20
1413.0
30
7534.7
11
28203.3
21
1441.4
31
7583.3
12
28063.3
22
2876.7
32
7583.3
13
27629.4
23
2820.1
33
7534.7
0
3DFACE
8
SEATING - BALCONY
10
27629.4
20
2820.1
30
7534.7
11
28063.3
21
2876.7
31
7583.3
12
27830.6
22
4299.9
32
7583.3
13
27401.3
23
4215.4
33
7534.7
0
3DFACE
8
SEATING - BALCONY
10
27401.3
20
4215.4
30
7534.7
11
27830.6
21
4299.9
31
7583.3
12
27506.1
22
5705.1
32
7583.3
13
27083.3
23
5592.9
33
7534.7
0
3DFACE
8
SEATING - BALCONY
10
27083.3
20
5592.9
30
7534.7
11
27506.1
21
5705.1
31
7583.3
12
27091.4
22
7086.3
32
7583.3
13
26676.7
23
6947.0
33
7534.7
0
3DFACE
8
SEATING - BALCONY
10
26676.7
20
6947.0
30
7534.7
11
27091.4
21
7086.3
31
7583.3
12
26588.0
22
8437.8
32
7583.3
13
26183.2
23
8271.9
33
7534.7
0
3DFACE
8
SEATING - BALCONY
10
26183.2
20
8271.9
30
7534.7
11
26588.0
21
8437.8
31
7583.3
12
25998.2
22
9753.8
32
7583.3
13
25604.9
23
9562.0
33
7534.7
0
3DFACE
8
SEATING - BALCONY
10
25604.9
20
9562.0
30
7534.7
11
25998.2
21
9753.8
31
7583.3
12
25324.3
22
11028.8
32
7583.3
13
24944.3
23
10811.9
33
7534.7
0
3DFACE
8
SEATING - BALCONY
10
24944.3
20
10811.9
30
7534.7
11
25324.3
21
11028.8
31
7583.3
12
24569.3
22
12257.5
32
7583.3
13
24204.1
23
12016.4
33
7534.7
0
3DFACE
8
SEATING - BALCONY
10
24204.1
20
12016.4
30
7534.7
11
24569.3
21
12257.5
31
7583.3
12
23736.2
22
13434.6
32
7583.3
13
23387.5
23
13170.5
33
7534.7
0
3DFACE
8
SEATING - BALCONY
10
23387.5
20
13170.5
30
7534.7
11
23736.2
21
13434.6
31
7583.3
12
22828.6
22
14555.4
32
7583.3
13
22497.7
23
14269.2
33
7534.7
0
3DFACE
8
SEATING - BALCONY
10
22497.7
20
14269.2
30
7534.7
11
22828.6
21
14555.4
31
7583.3
12
21850.4
22
15615.0
32
7583.3
13
21538.7
23
15308.0
33
7534.7
0
3DFACE
8
SEATING - BALCONY
10
21538.7
20
15308.0
30
7534.7
11
21850.4
21
15615.0
31
7583.3
12
20805.5
22
16609.0
32
7583.3
13
20514.4
23
16282.4
33
7534.7
0
3DFACE
8
SEATING - BALCONY
10
20514.4
20
16282.4
30
7534.7
11
20805.5
21
16609.0
31
7583.3
12
19698.5
22
17533.2
32
7583.3
13
19429.1
23
17188.5
33
7534.7
0
3DFACE
8
SEATING - BALCONY
10
19698.5
20
-17533.2
30
7583.3
11
19967.8
21
-17878.0
31
7631.9
12
21096.6
22
-16935.6
32
7631.9
13
20805.5
23
-16609.0
33
7583.3
0
3DFACE
8
SEATING - BALCONY
10
20805.5
20
-16609.0
30
7583.3
11
21096.6
21
-16935.6
31
7631.9
12
22162.0
22
-15922.0
32
7631.9
13
21850.4
23
-15615.0
33
7583.3
0
3DFACE
8
SEATING - BALCONY
10
21850.4
20
-15615.0
30
7583.3
11
22162.0
21
-15922.0
31
7631.9
12
23159.5
22
-14841.6
32
7631.9
13
22828.6
23
-14555.4
33
7583.3
0
3DFACE
8
SEATING - BALCONY
10
22828.6
20
-14555.4
30
7583.3
11
23159.5
21
-14841.6
31
7631.9
12
24084.9
22
-13698.8
32
7631.9
13
23736.2
23
-13434.6
33
7583.3
0
3DFACE
8
SEATING - BALCONY
10
23736.2
20
-13434.6
30
7583.3
11
24084.9
21
-13698.8
31
7631.9
12
24934.4
22
-12498.5
32
7631.9
13
24569.3
23
-12257.5
33
7583.3
0
3DFACE
8
SEATING - BALCONY
10
24569.3
20
-12257.5
30
7583.3
11
24934.4
21
-12498.5
31
7631.9
12
25704.3
22
-11245.6
32
7631.9
13
25324.3
23
-11028.8
33
7583.3
0
3DFACE
8
SEATING - BALCONY
10
25324.3
20
-11028.8
30
7583.3
11
25704.3
21
-11245.6
31
7631.9
12
26391.4
22
-9945.5
32
7631.9
13
25998.2
23
-9753.8
33
7583.3
0
3DFACE
8
SEATING - BALCONY
10
25998.2
20
-9753.8
30
7583.3
11
26391.4
21
-9945.5
31
7631.9
12
26992.8
22
-8603.7
32
7631.9
13
26588.0
23
-8437.8
33
7583.3
0
3DFACE
8
SEATING - BALCONY
10
26588.0
20
-8437.8
30
7583.3
11
26992.8
21
-8603.7
31
7631.9
12
27506.1
22
-7225.7
32
7631.9
13
27091.4
23
-7086.3
33
7583.3
0
3DFACE
8
SEATING - BALCONY
10
27091.4
20
-7086.3
30
7583.3
11
27506.1
21
-7225.7
31
7631.9
12
27929.0
22
-5817.3
32
7631.9
13
27506.1
23
-5705.1
33
7583.3
0
3DFACE
8
SEATING - BALCONY
10
27506.1
20
-5705.1
30
7583.3
11
27929.0
21
-5817.3
31
7631.9
12
28259.8
22
-4384.5
32
7631.9
13
27830.6
23
-4299.9
33
7583.3
0
3DFACE
8
SEATING - BALCONY
10
27830.6
20
-4299.9
30
7583.3
11
28259.8
21
-4384.5
31
7631.9
12
28497.1
22
-2933.3
32
7631.9
13
28063.3
23
-2876.7
33
7583.3
0
3DFACE
8
SEATING - BALCONY
10
28063.3
20
-2876.7
30
7583.3
11
28497.1
21
-2933.3
31
7631.9
12
28639.8
22
-1469.7
32
7631.9
13
28203.3
23
-1441.4
33
7583.3
0
3DFACE
8
SEATING - BALCONY
10
28203.3
20
-1441.4
30
7583.3
11
28639.8
21
-1469.7
31
7631.9
12
28687.5
22
0.0
32
7631.9
13
28250.0
23
0.0
33
7583.3
0
3DFACE
8
SEATING - BALCONY
10
28250.0
20
0.0
30
7583.3
11
28687.5
21
0.0
31
7631.9
12
28639.8
22
1469.7
32
7631.9
13
28203.3
23
1441.4
33
7583.3
0
3DFACE
8
SEATING - BALCONY
10
28203.3
20
1441.4
30
7583.3
11
28639.8
21
1469.7
31
7631.9
12
28497.1
22
2933.3
32
7631.9
13
28063.3
23
2876.7
33
7583.3
0
3DFACE
8
SEATING - BALCONY
10
28063.3
20
2876.7
30
7583.3
11
28497.1
21
2933.3
31
7631.9
12
28259.8
22
4384.5
32
7631.9
13
27830.6
23
4299.9
33
7583.3
0
3DFACE
8
SEATING - BALCONY
10
27830.6
20
4299.9
30
7583.3
11
28259.8
21
4384.5
31
7631.9
12
27929.0
22
5817.3
32
7631.9
13
27506.1
23
5705.1
33
7583.3
0
3DFACE
8
SEATING - BALCONY
10
27506.1
20
5705.1
30
7583.3
11
27929.0
21
5817.3
31
7631.9
12
27506.1
22
7225.7
32
7631.9
13
27091.4
23
7086.3
33
7583.3
0
3DFACE
8
SEATING - BALCONY
10
27091.4
20
7086.3
30
7583.3
11
27506.1
21
7225.7
31
7631.9
12
26992.8
22
8603.7
32
7631.9
13
26588.0
23
8437.8
33
7583.3
0
3DFACE
8
SEATING - BALCONY
10
26588.0
20
8437.8
30
7583.3
11
26992.8
21
8603.7
31
7631.9
12
26391.4
22
9945.5
32
7631.9
13
25998.2
23
9753.8
33
7583.3
0
3DFACE
8
SEATING - BALCONY
10
25998.2
20
9753.8
30
7583.3
11
26391.4
21
9945.5
31
7631.9
12
25704.3
22
11245.6
32
7631.9
13
25324.3
23
11028.8
33
7583.3
0
3DFACE
8
SEATING - BALCONY
10
25324.3
20
11028.8
30
7583.3
11
25704.3
21
11245.6
31
7631.9
12
24934.4
22
12498.5
32
7631.9
13
24569.3
23
12257.5
33
7583.3
0
3DFACE
8
SEATING - BALCONY
10
24569.3
20
12257.5
30
7583.3
11
24934.4
21
12498.5
31
7631.9
12
24084.9
22
13698.8
32
7631.9
13
23736.2
23
13434.6
33
7583.3
0
3DFACE
8
SEATING - BALCONY
10
23736.2
20
13434.6
30
7583.3
11
24084.9
21
13698.8
31
7631.9
12
23159.5
22
14841.6
32
7631.9
13
22828.6
23
14555.4
33
7583.3
0
3DFACE
8
SEATING - BALCONY
10
22828.6
20
14555.4
30
7583.3
11
23159.5
21
14841.6
31
7631.9
12
22162.0
22
15922.0
32
7631.9
13
21850.4
23
15615.0
33
7583.3
0
3DFACE
8
SEATING - BALCONY
10
21850.4
20
15615.0
30
7583.3
11
22162.0
21
15922.0
31
7631.9
12
21096.6
22
16935.6
32
7631.9
13
20805.5
23
16609.0
33
7583.3
0
3DFACE
8
SEATING - BALCONY
10
20805.5
20
16609.0
30
7583.3
11
21096.6
21
16935.6
31
7631.9
12
19967.8
22
17878.0
32
7631.9
13
19698.5
23
17533.2
33
7583.3
0
3DFACE
8
SEATING - BALCONY
10
19967.8
20
-17878.0
30
7631.9
11
20237.2
21
-18222.7
31
7680.6
12
21387.8
22
-17262.2
32
7680.6
13
21096.6
23
-16935.6
33
7631.9
0
3DFACE
8
SEATING - BALCONY
10
21096.6
20
-16935.6
30
7631.9
11
21387.8
21
-17262.2
31
7680.6
12
22473.7
22
-16229.1
32
7680.6
13
22162.0
23
-15922.0
33
7631.9
0
3DFACE
8
SEATING - BALCONY
10
22162.0
20
-15922.0
30
7631.9
11
22473.7
21
-16229.1
31
7680.6
12
23490.4
22
-15127.8
32
7680.6
13
23159.5
23
-14841.6
33
7631.9
0
3DFACE
8
SEATING - BALCONY
10
23159.5
20
-14841.6
30
7631.9
11
23490.4
21
-15127.8
31
7680.6
12
24433.7
22
-13963.0
32
7680.6
13
24084.9
23
-13698.8
33
7631.9
0
3DFACE
8
SEATING - BALCONY
10
24084.9
20
-13698.8
30
7631.9
11
24433.7
21
-13963.0
31
7680.6
12
25299.5
22
-12739.5
32
7680.6
13
24934.4
23
-12498.5
33
7631.9
0
3DFACE
8
SEATING - BALCONY
10
24934.4
20
-12498.5
30
7631.9
11
25299.5
21
-12739.5
31
7680.6
12
26084.2
22
-11462.5
32
7680.6
13
25704.3
23
-11245.6
33
7631.9
0
3DFACE
8
SEATING - BALCONY
10
25704.3
20
-11245.6
30
7631.9
11
26084.2
21
-11462.5
31
7680.6
12
26784.6
22
-10137.3
32
7680.6
13
26391.4
23
-9945.5
33
7631.9
0
3DFACE
8
SEATING - BALCONY
10
26391.4
20
-9945.5
30
7631.9
11
26784.6
21
-10137.3
31
7680.6
12
27397.7
22
-8769.6
32
7680.6
13
26992.8
23
-8603.7
33
7631.9
0
3DFACE
8
SEATING - BALCONY
10
26992.8
20
-8603.7
30
7631.9
11
27397.7
21
-8769.6
31
7680.6
12
27920.8
22
-7365.0
32
7680.6
13
27506.1
23
-7225.7
33
7631.9
0
3DFACE
8
SEATING - BALCONY
10
27506.1
20
-7225.7
30
7631.9
11
27920.8
21
-7365.0
31
7680.6
12
28351.9
22
-5929.5
32
7680.6
13
27929.0
23
-5817.3
33
7631.9
0
3DFACE
8
SEATING - BALCONY
10
27929.0
20
-5817.3
30
7631.9
11
28351.9
21
-5929.5
31
7680.6
12
28689.1
22
-4469.0
32
7680.6
13
28259.8
23
-4384.5
33
7631.9
0
3DFACE
8
SEATING - BALCONY
10
28259.8
20
-4384.5
30
7631.9
11
28689.1
21
-4469.0
31
7680.6
12
28930.9
22
-2989.8
32
7680.6
13
28497.1
23
-2933.3
33
7631.9
0
3DFACE
8
SEATING - BALCONY
10
28497.1
20
-2933.3
30
7631.9
11
28930.9
21
-2989.8
31
7680.6
12
29076.4
22
-1498.1
32
7680.6
13
28639.8
23
-1469.7
33
7631.9
0
3DFACE
8
SEATING - BALCONY
10
28639.8
20
-1469.7
30
7631.9
11
29076.4
21
-1498.1
31
7680.6
12
29125.0
22
0.0
32
7680.6
13
28687.5
23
0.0
33
7631.9
0
3DFACE
8
SEATING - BALCONY
10
28687.5
20
0.0
30
7631.9
11
29125.0
21
0.0
31
7680.6
12
29076.4
22
1498.1
32
7680.6
13
28639.8
23
1469.7
33
7631.9
0
3DFACE
8
SEATING - BALCONY
10
28639.8
20
1469.7
30
7631.9
11
29076.4
21
1498.1
31
7680.6
12
28930.9
22
2989.8
32
7680.6
13
28497.1
23
2933.3
33
7631.9
0
3DFACE
8
SEATING - BALCONY
10
28497.1
20
2933.3
30
7631.9
11
28930.9
21
2989.8
31
7680.6
12
28689.1
22
4469.0
32
7680.6
13
28259.8
23
4384.5
33
7631.9
0
3DFACE
8
SEATING - BALCONY
10
28259.8
20
4384.5
30
7631.9
11
28689.1
21
4469.0
31
7680.6
12
28351.9
22
5929.5
32
7680.6
13
27929.0
23
5817.3
33
7631.9
0
3DFACE
8
SEATING - BALCONY
10
27929.0
20
5817.3
30
7631.9
11
28351.9
21
5929.5
31
7680.6
12
27920.8
22
7365.0
32
7680.6
13
27506.1
23
7225.7
33
7631.9
0
3DFACE
8
SEATING - BALCONY
10
27506.1
20
7225.7
30
7631.9
11
27920.8
21
7365.0
31
7680.6
12
27397.7
22
8769.6
32
7680.6
13
26992.8
23
8603.7
33
7631.9
0
3DFACE
8
SEATING - BALCONY
10
26992.8
20
8603.7
30
7631.9
11
27397.7
21
8769.6
31
7680.6
12
26784.6
22
10137.3
32
7680.6
13
26391.4
23
9945.5
33
7631.9
0
3DFACE
8
SEATING - BALCONY
10
26391.4
20
9945.5
30
7631.9
11
26784.6
21
10137.3
31
7680.6
12
26084.2
22
11462.5
32
7680.6
13
25704.3
23
11245.6
33
7631.9
0
3DFACE
8
SEATING - BALCONY
10
25704.3
20
11245.6
30
7631.9
11
26084.2
21
11462.5
31
7680.6
12
25299.5
22
12739.5
32
7680.6
13
24934.4
23
12498.5
33
7631.9
0
3DFACE
8
SEATING - BALCONY
10
24934.4
20
12498.5
30
7631.9
11
25299.5
21
12739.5
31
7680.6
12
24433.7
22
13963.0
32
7680.6
13
24084.9
23
13698.8
33
7631.9
0
3DFACE
8
SEATING - BALCONY
10
24084.9
20
13698.8
30
7631.9
11
24433.7
21
13963.0
31
7680.6
12
23490.4
22
15127.8
32
7680.6
13
23159.5
23
14841.6
33
7631.9
0
3DFACE
8
SEATING - BALCONY
10
23159.5
20
14841.6
30
7631.9
11
23490.4
21
15127.8
31
7680.6
12
22473.7
22
16229.1
32
7680.6
13
22162.0
23
15922.0
33
7631.9
0
3DFACE
8
SEATING - BALCONY
10
22162.0
20
15922.0
30
7631.9
11
22473.7
21
16229.1
31
7680.6
12
21387.8
22
17262.2
32
7680.6
13
21096.6
23
16935.6
33
7631.9
0
3DFACE
8
SEATING - BALCONY
10
21096.6
20
16935.6
30
7631.9
11
21387.8
21
17262.2
31
7680.6
12
20237.2
22
18222.7
32
7680.6
13
19967.8
23
17878.0
33
7631.9
0
3DFACE
8
SEATING - BALCONY
10
20237.2
20
-18222.7
30
7680.6
11
20506.5
21
-18567.5
31
7729.2
12
21678.9
22
-17588.8
32
7729.2
13
21387.8
23
-17262.2
33
7680.6
0
3DFACE
8
SEATING - BALCONY
10
21387.8
20
-17262.2
30
7680.6
11
21678.9
21
-17588.8
31
7729.2
12
22785.4
22
-16536.1
32
7729.2
13
22473.7
23
-16229.1
33
7680.6
0
3DFACE
8
SEATING - BALCONY
10
22473.7
20
-16229.1
30
7680.6
11
22785.4
21
-16536.1
31
7729.2
12
23821.3
22
-15414.0
32
7729.2
13
23490.4
23
-15127.8
33
7680.6
0
3DFACE
8
SEATING - BALCONY
10
23490.4
20
-15127.8
30
7680.6
11
23821.3
21
-15414.0
31
7729.2
12
24782.4
22
-14227.1
32
7729.2
13
24433.7
23
-13963.0
33
7680.6
0
3DFACE
8
SEATING - BALCONY
10
24433.7
20
-13963.0
30
7680.6
11
24782.4
21
-14227.1
31
7729.2
12
25664.6
22
-12980.5
32
7729.2
13
25299.5
23
-12739.5
33
7680.6
0
3DFACE
8
SEATING - BALCONY
10
25299.5
20
-12739.5
30
7680.6
11
25664.6
21
-12980.5
31
7729.2
12
26464.2
22
-11679.3
32
7729.2
13
26084.2
23
-11462.5
33
7680.6
0
3DFACE
8
SEATING - BALCONY
10
26084.2
20
-11462.5
30
7680.6
11
26464.2
21
-11679.3
31
7729.2
12
27177.8
22
-10329.1
32
7729.2
13
26784.6
23
-10137.3
33
7680.6
0
3DFACE
8
SEATING - BALCONY
10
26784.6
20
-10137.3
30
7680.6
11
27177.8
21
-10329.1
31
7729.2
12
27802.5
22
-8935.5
32
7729.2
13
27397.7
23
-8769.6
33
7680.6
0
3DFACE
8
SEATING - BALCONY
10
27397.7
20
-8769.6
30
7680.6
11
27802.5
21
-8935.5
31
7729.2
12
28335.5
22
-7504.3
32
7729.2
13
27920.8
23
-7365.0
33
7680.6
0
3DFACE
8
SEATING - BALCONY
10
27920.8
20
-7365.0
30
7680.6
11
28335.5
21
-7504.3
31
7729.2
12
28774.8
22
-6041.7
32
7729.2
13
28351.9
23
-5929.5
33
7680.6
0
3DFACE
8
SEATING - BALCONY
10
28351.9
20
-5929.5
30
7680.6
11
28774.8
21
-6041.7
31
7729.2
12
29118.3
22
-4553.6
32
7729.2
13
28689.1
23
-4469.0
33
7680.6
0
3DFACE
8
SEATING - BALCONY
10
28689.1
20
-4469.0
30
7680.6
11
29118.3
21
-4553.6
31
7729.2
12
29364.7
22
-3046.4
32
7729.2
13
28930.9
23
-2989.8
33
7680.6
0
3DFACE
8
SEATING - BALCONY
10
28930.9
20
-2989.8
30
7680.6
11
29364.7
21
-3046.4
31
7729.2
12
29513.0
22
-1526.4
32
7729.2
13
29076.4
23
-1498.1
33
7680.6
0
3DFACE
8
SEATING - BALCONY
10
29076.4
20
-1498.1
30
7680.6
11
29513.0
21
-1526.4
31
7729.2
12
29562.5
22
0.0
32
7729.2
13
29125.0
23
0.0
33
7680.6
0
3DFACE
8
SEATING - BALCONY
10
29125.0
20
0.0
30
7680.6
11
29562.5
21
0.0
31
7729.2
12
29513.0
22
1526.4
32
7729.2
13
29076.4
23
1498.1
33
7680.6
0
3DFACE
8
SEATING - BALCONY
10
29076.4
20
1498.1
30
7680.6
11
29513.0
21
1526.4
31
7729.2
12
29364.7
22
3046.4
32
7729.2
13
28930.9
23
2989.8
33
7680.6
0
3DFACE
8
SEATING - BALCONY
10
28930.9
20
2989.8
30
7680.6
11
29364.7
21
3046.4
31
7729.2
12
29118.3
22
4553.6
32
7729.2
13
28689.1
23
4469.0
33
7680.6
0
3DFACE
8
SEATING - BALCONY
10
28689.1
20
4469.0
30
7680.6
11
29118.3
21
4553.6
31
7729.2
12
28774.8
22
6041.7
32
7729.2
13
28351.9
23
5929.5
33
7680.6
0
3DFACE
8
SEATING - BALCONY
10
28351.9
20
5929.5
30
7680.6
11
28774.8
21
6041.7
31
7729.2
12
28335.5
22
7504.3
32
7729.2
13
27920.8
23
7365.0
33
7680.6
0
3DFACE
8
SEATING - BALCONY
10
27920.8
20
7365.0
30
7680.6
11
28335.5
21
7504.3
31
7729.2
12
27802.5
22
8935.5
32
7729.2
13
27397.7
23
8769.6
33
7680.6
0
3DFACE
8
SEATING - BALCONY
10
27397.7
20
8769.6
30
7680.6
11
27802.5
21
8935.5
31
7729.2
12
27177.8
22
10329.1
32
7729.2
13
26784.6
23
10137.3
33
7680.6
0
3DFACE
8
SEATING - BALCONY
10
26784.6
20
10137.3
30
7680.6
11
27177.8
21
10329.1
31
7729.2
12
26464.2
22
11679.3
32
7729.2
13
26084.2
23
11462.5
33
7680.6
0
3DFACE
8
SEATING - BALCONY
10
26084.2
20
11462.5
30
7680.6
11
26464.2
21
11679.3
31
7729.2
12
25664.6
22
12980.5
32
7729.2
13
25299.5
23
12739.5
33
7680.6
0
3DFACE
8
SEATING - BALCONY
10
25299.5
20
12739.5
30
7680.6
11
25664.6
21
12980.5
31
7729.2
12
24782.4
22
14227.1
32
7729.2
13
24433.7
23
13963.0
33
7680.6
0
3DFACE
8
SEATING - BALCONY
10
24433.7
20
13963.0
30
7680.6
11
24782.4
21
14227.1
31
7729.2
12
23821.3
22
15414.0
32
7729.2
13
23490.4
23
15127.8
33
7680.6
0
3DFACE
8
SEATING - BALCONY
10
23490.4
20
15127.8
30
7680.6
11
23821.3
21
15414.0
31
7729.2
12
22785.4
22
16536.1
32
7729.2
13
22473.7
23
16229.1
33
7680.6
0
3DFACE
8
SEATING - BALCONY
10
22473.7
20
16229.1
30
7680.6
11
22785.4
21
16536.1
31
7729.2
12
21678.9
22
17588.8
32
7729.2
13
21387.8
23
17262.2
33
7680.6
0
3DFACE
8
SEATING - BALCONY
10
21387.8
20
17262.2
30
7680.6
11
21678.9
21
17588.8
31
7729.2
12
20506.5
22
18567.5
32
7729.2
13
20237.2
23
18222.7
33
7680.6
0
3DFACE
8
SEATING - BALCONY
10
20506.5
20
-18567.5
30
7729.2
11
20775.9
21
-18912.3
31
7777.8
12
21970.0
22
-17915.3
32
7777.8
13
21678.9
23
-17588.8
33
7729.2
0
3DFACE
8
SEATING - BALCONY
10
21678.9
20
-17588.8
30
7729.2
11
21970.0
21
-17915.3
31
7777.8
12
23097.0
22
-16843.1
32
7777.8
13
22785.4
23
-16536.1
33
7729.2
0
3DFACE
8
SEATING - BALCONY
10
22785.4
20
-16536.1
30
7729.2
11
23097.0
21
-16843.1
31
7777.8
12
24152.2
22
-15700.2
32
7777.8
13
23821.3
23
-15414.0
33
7729.2
0
3DFACE
8
SEATING - BALCONY
10
23821.3
20
-15414.0
30
7729.2
11
24152.2
21
-15700.2
31
7777.8
12
25131.2
22
-14491.3
32
7777.8
13
24782.4
23
-14227.1
33
7729.2
0
3DFACE
8
SEATING - BALCONY
10
24782.4
20
-14227.1
30
7729.2
11
25131.2
21
-14491.3
31
7777.8
12
26029.8
22
-13221.5
32
7777.8
13
25664.6
23
-12980.5
33
7729.2
0
3DFACE
8
SEATING - BALCONY
10
25664.6
20
-12980.5
30
7729.2
11
26029.8
21
-13221.5
31
7777.8
12
26844.2
22
-11896.2
32
7777.8
13
26464.2
23
-11679.3
33
7729.2
0
3DFACE
8
SEATING - BALCONY
10
26464.2
20
-11679.3
30
7729.2
11
26844.2
21
-11896.2
31
7777.8
12
27571.1
22
-10520.9
32
7777.8
13
27177.8
23
-10329.1
33
7729.2
0
3DFACE
8
SEATING - BALCONY
10
27177.8
20
-10329.1
30
7729.2
11
27571.1
21
-10520.9
31
7777.8
12
28207.3
22
-9101.4
32
7777.8
13
27802.5
23
-8935.5
33
7729.2
0
3DFACE
8
SEATING - BALCONY
10
27802.5
20
-8935.5
30
7729.2
11
28207.3
21
-9101.4
31
7777.8
12
28750.3
22
-7643.7
32
7777.8
13
28335.5
23
-7504.3
33
7729.2
0
3DFACE
8
SEATING - BALCONY
10
28335.5
20
-7504.3
30
7729.2
11
28750.3
21
-7643.7
31
7777.8
12
29197.6
22
-6153.8
32
7777.8
13
28774.8
23
-6041.7
33
7729.2
0
3DFACE
8
SEATING - BALCONY
10
28774.8
20
-6041.7
30
7729.2
11
29197.6
21
-6153.8
31
7777.8
12
29547.6
22
-4638.1
32
7777.8
13
29118.3
23
-4553.6
33
7729.2
0
3DFACE
8
SEATING - BALCONY
10
29118.3
20
-4553.6
30
7729.2
11
29547.6
21
-4638.1
31
7777.8
12
29798.6
22
-3103.0
32
7777.8
13
29364.7
23
-3046.4
33
7729.2
0
3DFACE
8
SEATING - BALCONY
10
29364.7
20
-3046.4
30
7729.2
11
29798.6
21
-3103.0
31
7777.8
12
29949.6
22
-1554.7
32
7777.8
13
29513.0
23
-1526.4
33
7729.2
0
3DFACE
8
SEATING - BALCONY
10
29513.0
20
-1526.4
30
7729.2
11
29949.6
21
-1554.7
31
7777.8
12
30000.0
22
0.0
32
7777.8
13
29562.5
23
0.0
33
7729.2
0
3DFACE
8
SEATING - BALCONY
10
29562.5
20
0.0
30
7729.2
11
30000.0
21
0.0
31
7777.8
12
29949.6
22
1554.7
32
7777.8
13
29513.0
23
1526.4
33
7729.2
0
3DFACE
8
SEATING - BALCONY
10
29513.0
20
1526.4
30
7729.2
11
29949.6
21
1554.7
31
7777.8
12
29798.6
22
3103.0
32
7777.8
13
29364.7
23
3046.4
33
7729.2
0
3DFACE
8
SEATING - BALCONY
10
29364.7
20
3046.4
30
7729.2
11
29798.6
21
3103.0
31
7777.8
12
29547.6
22
4638.1
32
7777.8
13
29118.3
23
4553.6
33
7729.2
0
3DFACE
8
SEATING - BALCONY
10
29118.3
20
4553.6
30
7729.2
11
29547.6
21
4638.1
31
7777.8
12
29197.6
22
6153.8
32
7777.8
13
28774.8
23
6041.7
33
7729.2
0
3DFACE
8
SEATING - BALCONY
10
28774.8
20
6041.7
30
7729.2
11
29197.6
21
6153.8
31
7777.8
12
28750.3
22
7643.7
32
7777.8
13
28335.5
23
7504.3
33
7729.2
0
3DFACE
8
SEATING - BALCONY
10
28335.5
20
7504.3
30
7729.2
11
28750.3
21
7643.7
31
7777.8
12
28207.3
22
9101.4
32
7777.8
13
27802.5
23
8935.5
33
7729.2
0
3DFACE
8
SEATING - BALCONY
10
27802.5
20
8935.5
30
7729.2
11
28207.3
21
9101.4
31
7777.8
12
27571.1
22
10520.9
32
7777.8
13
27177.8
23
10329.1
33
7729.2
0
3DFACE
8
SEATING - BALCONY
10
27177.8
20
10329.1
30
7729.2
11
27571.1
21
10520.9
31
7777.8
12
26844.2
22
11896.2
32
7777.8
13
26464.2
23
11679.3
33
7729.2
0
3DFACE
8
SEATING - BALCONY
10
26464.2
20
11679.3
30
7729.2
11
26844.2
21
11896.2
31
7777.8
12
26029.8
22
13221.5
32
7777.8
13
25664.6
23
12980.5
33
7729.2
0
3DFACE
8
SEATING - BALCONY
10
25664.6
20
12980.5
30
7729.2
11
26029.8
21
13221.5
31
7777.8
12
25131.2
22
14491.3
32
7777.8
13
24782.4
23
14227.1
33
7729.2
0
3DFACE
8
SEATING - BALCONY
10
24782.4
20
14227.1
30
7729.2
11
25131.2
21
14491.3
31
7777.8
12
24152.2
22
15700.2
32
7777.8
13
23821.3
23
15414.0
33
7729.2
0
3DFACE
8
SEATING - BALCONY
10
23821.3
20
15414.0
30
7729.2
11
24152.2
21
15700.2
31
7777.8
12
23097.0
22
16843.1
32
7777.8
13
22785.4
23
16536.1
33
7729.2
0
3DFACE
8
SEATING - BALCONY
10
22785.4
20
16536.1
30
7729.2
11
23097.0
21
16843.1
31
7777.8
12
21970.0
22
17915.3
32
7777.8
13
21678.9
23
17588.8
33
7729.2
0
3DFACE
8
SEATING - BALCONY
10
21678.9
20
17588.8
30
7729.2
11
21970.0
21
17915.3
31
7777.8
12
20775.9
22
18912.3
32
7777.8
13
20506.5
23
18567.5
33
7729.2
0
3DFACE
8
BALCONY RAIL
10
16466.2
20
-13396.2
30
7000.0
11
17312.1
21
-12690.0
31
7000.0
12
17312.1
22
-12690.0
32
6200.0
13
16466.2
23
-13396.2
33
6200.0
0
3DFACE
8
BALCONY RAIL
10
16466.2
20
-13396.2
30
6200.0
11
17312.1
21
-12690.0
31
6200.0
12
17312.1
22
-12690.0
32
5400.0
13
16466.2
23
-13396.2
33
5400.0
0
3DFACE
8
BALCONY RAIL
10
17312.1
20
-12690.0
30
7000.0
11
18110.4
21
-11930.6
31
7000.0
12
18110.4
22
-11930.6
32
6200.0
13
17312.1
23
-12690.0
33
6200.0
0
3DFACE
8
BALCONY RAIL
10
17312.1
20
-12690.0
30
6200.0
11
18110.4
21
-11930.6
31
6200.0
12
18110.4
22
-11930.6
32
5400.0
13
17312.1
23
-12690.0
33
5400.0
0
3DFACE
8
BALCONY RAIL
10
18110.4
20
-11930.6
30
7000.0
11
18857.8
21
-11121.0
31
7000.0
12
18857.8
22
-11121.0
32
6200.0
13
18110.4
23
-11930.6
33
6200.0
0
3DFACE
8
BALCONY RAIL
10
18110.4
20
-11930.6
30
6200.0
11
18857.8
21
-11121.0
31
6200.0
12
18857.8
22
-11121.0
32
5400.0
13
18110.4
23
-11930.6
33
5400.0
0
3DFACE
8
BALCONY RAIL
10
18857.8
20
-11121.0
30
7000.0
11
19551.3
21
-10264.7
31
7000.0
12
19551.3
22
-10264.7
32
6200.0
13
18857.8
23
-11121.0
33
6200.0
0
3DFACE
8
BALCONY RAIL
10
18857.8
20
-11121.0
30
6200.0
11
19551.3
21
-10264.7
31
6200.0
12
19551.3
22
-10264.7
32
5400.0
13
18857.8
23
-11121.0
33
5400.0
0
3DFACE
8
BALCONY RAIL
10
19551.3
20
-10264.7
30
7000.0
11
20187.7
21
-9365.2
31
7000.0
12
20187.7
22
-9365.2
32
6200.0
13
19551.3
23
-10264.7
33
6200.0
0
3DFACE
8
BALCONY RAIL
10
19551.3
20
-10264.7
30
6200.0
11
20187.7
21
-9365.2
31
6200.0
12
20187.7
22
-9365.2
32
5400.0
13
19551.3
23
-10264.7
33
5400.0
0
3DFACE
8
BALCONY RAIL
10
20187.7
20
-9365.2
30
7000.0
11
20764.6
21
-8426.5
31
7000.0
12
20764.6
22
-8426.5
32
6200.0
13
20187.7
23
-9365.2
33
6200.0
0
3DFACE
8
BALCONY RAIL
10
20187.7
20
-9365.2
30
6200.0
11
20764.6
21
-8426.5
31
6200.0
12
20764.6
22
-8426.5
32
5400.0
13
20187.7
23
-9365.2
33
5400.0
0
3DFACE
8
BALCONY RAIL
10
20764.6
20
-8426.5
30
7000.0
11
21279.5
21
-7452.3
31
7000.0
12
21279.5
22
-7452.3
32
6200.0
13
20764.6
23
-8426.5
33
6200.0
0
3DFACE
8
BALCONY RAIL
10
20764.6
20
-8426.5
30
6200.0
11
21279.5
21
-7452.3
31
6200.0
12
21279.5
22
-7452.3
32
5400.0
13
20764.6
23
-8426.5
33
5400.0
0
3DFACE
8
BALCONY RAIL
10
21279.5
20
-7452.3
30
7000.0
11
21730.2
21
-6446.8
31
7000.0
12
21730.2
22
-6446.8
32
6200.0
13
21279.5
23
-7452.3
33
6200.0
0
3DFACE
8
BALCONY RAIL
10
21279.5
20
-7452.3
30
6200.0
11
21730.2
21
-6446.8
31
6200.0
12
21730.2
22
-6446.8
32
5400.0
13
21279.5
23
-7452.3
33
5400.0
0
3DFACE
8
BALCONY RAIL
10
21730.2
20
-6446.8
30
7000.0
11
22114.8
21
-5414.3
31
7000.0
12
22114.8
22
-5414.3
32
6200.0
13
21730.2
23
-6446.8
33
6200.0
0
3DFACE
8
BALCONY RAIL
10
21730.2
20
-6446.8
30
6200.0
11
22114.8
21
-5414.3
31
6200.0
12
22114.8
22
-5414.3
32
5400.0
13
21730.2
23
-6446.8
33
5400.0
0
3DFACE
8
BALCONY RAIL
10
22114.8
20
-5414.3
30
7000.0
11
22431.7
21
-4359.0
31
7000.0
12
22431.7
22
-4359.0
32
6200.0
13
22114.8
23
-5414.3
33
6200.0
0
3DFACE
8
BALCONY RAIL
10
22114.8
20
-5414.3
30
6200.0
11
22431.7
21
-4359.0
31
6200.0
12
22431.7
22
-4359.0
32
5400.0
13
22114.8
23
-5414.3
33
5400.0
0
3DFACE
8
BALCONY RAIL
10
22431.7
20
-4359.0
30
7000.0
11
22679.5
21
-3285.4
31
7000.0
12
22679.5
22
-3285.4
32
6200.0
13
22431.7
23
-4359.0
33
6200.0
0
3DFACE
8
BALCONY RAIL
10
22431.7
20
-4359.0
30
6200.0
11
22679.5
21
-3285.4
31
6200.0
12
22679.5
22
-3285.4
32
5400.0
13
22431.7
23
-4359.0
33
5400.0
0
3DFACE
8
BALCONY RAIL
10
22679.5
20
-3285.4
30
7000.0
11
22857.3
21
-2197.9
31
7000.0
12
22857.3
22
-2197.9
32
6200.0
13
22679.5
23
-3285.4
33
6200.0
0
3DFACE
8
BALCONY RAIL
10
22679.5
20
-3285.4
30
6200.0
11
22857.3
21
-2197.9
31
6200.0
12
22857.3
22
-2197.9
32
5400.0
13
22679.5
23
-3285.4
33
5400.0
0
3DFACE
8
BALCONY RAIL
10
22857.3
20
-2197.9
30
7000.0
11
22964.3
21
-1101.3
31
7000.0
12
22964.3
22
-1101.3
32
6200.0
13
22857.3
23
-2197.9
33
6200.0
0
3DFACE
8
BALCONY RAIL
10
22857.3
20
-2197.9
30
6200.0
11
22964.3
21
-1101.3
31
6200.0
12
22964.3
22
-1101.3
32
5400.0
13
22857.3
23
-2197.9
33
5400.0
0
3DFACE
8
BALCONY RAIL
10
22964.3
20
-1101.3
30
7000.0
11
23000.0
21
0.0
31
7000.0
12
23000.0
22
0.0
32
6200.0
13
22964.3
23
-1101.3
33
6200.0
0
3DFACE
8
BALCONY RAIL
10
22964.3
20
-1101.3
30
6200.0
11
23000.0
21
0.0
31
6200.0
12
23000.0
22
0.0
32
5400.0
13
22964.3
23
-1101.3
33
5400.0
0
3DFACE
8
BALCONY RAIL
10
23000.0
20
0.0
30
7000.0
11
22964.3
21
1101.3
31
7000.0
12
22964.3
22
1101.3
32
6200.0
13
23000.0
23
0.0
33
6200.0
0
3DFACE
8
BALCONY RAIL
10
23000.0
20
0.0
30
6200.0
11
22964.3
21
1101.3
31
6200.0
12
22964.3
22
1101.3
32
5400.0
13
23000.0
23
0.0
33
5400.0
0
3DFACE
8
BALCONY RAIL
10
22964.3
20
1101.3
30
7000.0
11
22857.3
21
2197.9
31
7000.0
12
22857.3
22
2197.9
32
6200.0
13
22964.3
23
1101.3
33
6200.0
0
3DFACE
8
BALCONY RAIL
10
22964.3
20
1101.3
30
6200.0
11
22857.3
21
2197.9
31
6200.0
12
22857.3
22
2197.9
32
5400.0
13
22964.3
23
1101.3
33
5400.0
0
3DFACE
8
BALCONY RAIL
10
22857.3
20
2197.9
30
7000.0
11
22679.5
21
3285.4
31
7000.0
12
22679.5
22
3285.4
32
6200.0
13
22857.3
23
2197.9
33
6200.0
0
3DFACE
8
BALCONY RAIL
10
22857.3
20
2197.9
30
6200.0
11
22679.5
21
3285.4
31
6200.0
12
22679.5
22
3285.4
32
5400.0
13
22857.3
23
2197.9
33
5400.0
0
3DFACE
8
BALCONY RAIL
10
22679.5
20
3285.4
30
7000.0
11
22431.7
21
4359.0
31
7000.0
12
22431.7
22
4359.0
32
6200.0
13
22679.5
23
3285.4
33
6200.0
0
3DFACE
8
BALCONY RAIL
10
22679.5
20
3285.4
30
6200.0
11
22431.7
21
4359.0
31
6200.0
12
22431.7
22
4359.0
32
5400.0
13
22679.5
23
3285.4
33
5400.0
0
3DFACE
8
BALCONY RAIL
10
22431.7
20
4359.0
30
7000.0
11
22114.8
21
5414.3
31
7000.0
12
22114.8
22
5414.3
32
6200.0
13
22431.7
23
4359.0
33
6200.0
0
3DFACE
8
BALCONY RAIL
10
22431.7
20
4359.0
30
6200.0
11
22114.8
21
5414.3
31
6200.0
12
22114.8
22
5414.3
32
5400.0
13
22431.7
23
4359.0
33
5400.0
0
3DFACE
8
BALCONY RAIL
10
22114.8
20
5414.3
30
7000.0
11
21730.2
21
6446.8
31
7000.0
12
21730.2
22
6446.8
32
6200.0
13
22114.8
23
5414.3
33
6200.0
0
3DFACE
8
BALCONY RAIL
10
22114.8
20
5414.3
30
6200.0
11
21730.2
21
6446.8
31
6200.0
12
21730.2
22
6446.8
32
5400.0
13
22114.8
23
5414.3
33
5400.0
0
3DFACE
8
BALCONY RAIL
10
21730.2
20
6446.8
30
7000.0
11
21279.5
21
7452.3
31
7000.0
12
21279.5
22
7452.3
32
6200.0
13
21730.2
23
6446.8
33
6200.0
0
3DFACE
8
BALCONY RAIL
10
21730.2
20
6446.8
30
6200.0
11
21279.5
21
7452.3
31
6200.0
12
21279.5
22
7452.3
32
5400.0
13
21730.2
23
6446.8
33
5400.0
0
3DFACE
8
BALCONY RAIL
10
21279.5
20
7452.3
30
7000.0
11
20764.6
21
8426.5
31
7000.0
12
20764.6
22
8426.5
32
6200.0
13
21279.5
23
7452.3
33
6200.0
0
3DFACE
8
BALCONY RAIL
10
21279.5
20
7452.3
30
6200.0
11
20764.6
21
8426.5
31
6200.0
12
20764.6
22
8426.5
32
5400.0
13
21279.5
23
7452.3
33
5400.0
0
3DFACE
8
BALCONY RAIL
10
20764.6
20
8426.5
30
7000.0
11
20187.7
21
9365.2
31
7000.0
12
20187.7
22
9365.2
32
6200.0
13
20764.6
23
8426.5
33
6200.0
0
3DFACE
8
BALCONY RAIL
10
20764.6
20
8426.5
30
6200.0
11
20187.7
21
9365.2
31
6200.0
12
20187.7
22
9365.2
32
5400.0
13
20764.6
23
8426.5
33
5400.0
0
3DFACE
8
BALCONY RAIL
10
20187.7
20
9365.2
30
7000.0
11
19551.3
21
10264.7
31
7000.0
12
19551.3
22
10264.7
32
6200.0
13
20187.7
23
9365.2
33
6200.0
0
3DFACE
8
BALCONY RAIL
10
20187.7
20
9365.2
30
6200.0
11
19551.3
21
10264.7
31
6200.0
12
19551.3
22
10264.7
32
5400.0
13
20187.7
23
9365.2
33
5400.0
0
3DFACE
8
BALCONY RAIL
10
19551.3
20
10264.7
30
7000.0
11
18857.8
21
11121.0
31
7000.0
12
18857.8
22
11121.0
32
6200.0
13
19551.3
23
10264.7
33
6200.0
0
3DFACE
8
BALCONY RAIL
10
19551.3
20
10264.7
30
6200.0
11
18857.8
21
11121.0
31
6200.0
12
18857.8
22
11121.0
32
5400.0
13
19551.3
23
10264.7
33
5400.0
0
3DFACE
8
BALCONY RAIL
10
18857.8
20
11121.0
30
7000.0
11
18110.4
21
11930.6
31
7000.0
12
18110.4
22
11930.6
32
6200.0
13
18857.8
23
11121.0
33
6200.0
0
3DFACE
8
BALCONY RAIL
10
18857.8
20
11121.0
30
6200.0
11
18110.4
21
11930.6
31
6200.0
12
18110.4
22
11930.6
32
5400.0
13
18857.8
23
11121.0
33
5400.0
0
3DFACE
8
BALCONY RAIL
10
18110.4
20
11930.6
30
7000.0
11
17312.1
21
12690.0
31
7000.0
12
17312.1
22
12690.0
32
6200.0
13
18110.4
23
11930.6
33
6200.0
0
3DFACE
8
BALCONY RAIL
10
18110.4
20
11930.6
30
6200.0
11
17312.1
21
12690.0
31
6200.0
12
17312.1
22
12690.0
32
5400.0
13
18110.4
23
11930.6
33
5400.0
0
3DFACE
8
BALCONY RAIL
10
17312.1
20
12690.0
30
7000.0
11
16466.2
21
13396.2
31
7000.0
12
16466.2
22
13396.2
32
6200.0
13
17312.1
23
12690.0
33
6200.0
0
3DFACE
8
BALCONY RAIL
10
17312.1
20
12690.0
30
6200.0
11
16466.2
21
13396.2
31
6200.0
12
16466.2
22
13396.2
32
5400.0
13
17312.1
23
12690.0
33
5400.0
0
3DFACE
8
WALLS
10
1000.0
20
-8600.0
30
0.0
11
2100.0
21
-8870.0
31
0.0
12
2100.0
22
-8870.0
32
2000.0
13
1000.0
23
-8600.0
33
2000.0
0
3DFACE
8
WALLS
10
1000.0
20
-8600.0
30
2000.0
11
2100.0
21
-8870.0
31
2000.0
12
2100.0
22
-8870.0
32
4000.0
13
1000.0
23
-8600.0
33
4000.0
0
3DFACE
8
WALLS
10
1000.0
20
-8600.0
30
4000.0
11
2100.0
21
-8870.0
31
4000.0
12
2100.0
22
-8870.0
32
6000.0
13
1000.0
23
-8600.0
33
6000.0
0
3DFACE
8
WALLS
10
1000.0
20
-8600.0
30
6000.0
11
2100.0
21
-8870.0
31
6000.0
12
2100.0
22
-8870.0
32
8000.0
13
1000.0
23
-8600.0
33
8000.0
0
3DFACE
8
WALLS
10
1000.0
20
-8600.0
30
8000.0
11
2100.0
21
-8870.0
31
8000.0
12
2100.0
22
-8870.0
32
10000.0
13
1000.0
23
-8600.0
33
10000.0
0
3DFACE
8
WALLS
10
1000.0
20
-8600.0
30
10000.0
11
2100.0
21
-8870.0
31
10000.0
12
2100.0
22
-8870.0
32
12000.0
13
1000.0
23
-8600.0
33
12000.0
0
3DFACE
8
WALLS
10
2100.0
20
-8870.0
30
0.0
11
3200.0
21
-9140.0
31
0.0
12
3200.0
22
-9140.0
32
2000.0
13
2100.0
23
-8870.0
33
2000.0
0
3DFACE
8
WALLS
10
2100.0
20
-8870.0
30
2000.0
11
3200.0
21
-9140.0
31
2000.0
12
3200.0
22
-9140.0
32
4000.0
13
2100.0
23
-8870.0
33
4000.0
0
3DFACE
8
WALLS
10
2100.0
20
-8870.0
30
4000.0
11
3200.0
21
-9140.0
31
4000.0
12
3200.0
22
-9140.0
32
6000.0
13
2100.0
23
-8870.0
33
6000.0
0
3DFACE
8
WALLS
10
2100.0
20
-8870.0
30
6000.0
11
3200.0
21
-9140.0
31
6000.0
12
3200.0
22
-9140.0
32
8000.0
13
2100.0
23
-8870.0
33
8000.0
0
3DFACE
8
WALLS
10
2100.0
20
-8870.0
30
8000.0
11
3200.0
21
-9140.0
31
8000.0
12
3200.0
22
-9140.0
32
10000.0
13
2100.0
23
-8870.0
33
10000.0
0
3DFACE
8
WALLS
10
2100.0
20
-8870.0
30
10000.0
11
3200.0
21
-9140.0
31
10000.0
12
3200.0
22
-9140.0
32
12000.0
13
2100.0
23
-8870.0
33
12000.0
0
3DFACE
8
WALLS
10
3200.0
20
-9140.0
30
0.0
11
4300.0
21
-9410.0
31
0.0
12
4300.0
22
-9410.0
32
2000.0
13
3200.0
23
-9140.0
33
2000.0
0
3DFACE
8
WALLS
10
3200.0
20
-9140.0
30
2000.0
11
4300.0
21
-9410.0
31
2000.0
12
4300.0
22
-9410.0
32
4000.0
13
3200.0
23
-9140.0
33
4000.0
0
3DFACE
8
WALLS
10
3200.0
20
-9140.0
30
4000.0
11
4300.0
21
-9410.0
31
4000.0
12
4300.0
22
-9410.0
32
6000.0
13
3200.0
23
-9140.0
33
6000.0
0
3DFACE
8
WALLS
10
3200.0
20
-9140.0
30
6000.0
11
4300.0
21
-9410.0
31
6000.0
12
4300.0
22
-9410.0
32
8000.0
13
3200.0
23
-9140.0
33
8000.0
0
3DFACE
8
WALLS
10
3200.0
20
-9140.0
30
8000.0
11
4300.0
21
-9410.0
31
8000.0
12
4300.0
22
-9410.0
32
10000.0
13
3200.0
23
-9140.0
33
10000.0
0
3DFACE
8
WALLS
10
3200.0
20
-9140.0
30
10000.0
11
4300.0
21
-9410.0
31
10000.0
12
4300.0
22
-9410.0
32
12000.0
13
3200.0
23
-9140.0
33
12000.0
0
3DFACE
8
WALLS
10
4300.0
20
-9410.0
30
0.0
11
5400.0
21
-9680.0
31
0.0
12
5400.0
22
-9680.0
32
2000.0
13
4300.0
23
-9410.0
33
2000.0
0
3DFACE
8
WALLS
10
4300.0
20
-9410.0
30
2000.0
11
5400.0
21
-9680.0
31
2000.0
12
5400.0
22
-9680.0
32
4000.0
13
4300.0
23
-9410.0
33
4000.0
0
3DFACE
8
WALLS
10
4300.0
20
-9410.0
30
4000.0
11
5400.0
21
-9680.0
31
4000.0
12
5400.0
22
-9680.0
32
6000.0
13
4300.0
23
-9410.0
33
6000.0
0
3DFACE
8
WALLS
10
4300.0
20
-9410.0
30
6000.0
11
5400.0
21
-9680.0
31
6000.0
12
5400.0
22
-9680.0
32
8000.0
13
4300.0
23
-9410.0
33
8000.0
0
3DFACE
8
WALLS
10
4300.0
20
-9410.0
30
8000.0
11
5400.0
21
-9680.0
31
8000.0
12
5400.0
22
-9680.0
32
10000.0
13
4300.0
23
-9410.0
33
10000.0
0
3DFACE
8
WALLS
10
4300.0
20
-9410.0
30
10000.0
11
5400.0
21
-9680.0
31
10000.0
12
5400.0
22
-9680.0
32
12000.0
13
4300.0
23
-9410.0
33
12000.0
0
3DFACE
8
WALLS
10
5400.0
20
-9680.0
30
0.0
11
6500.0
21
-9950.0
31
0.0
12
6500.0
22
-9950.0
32
2000.0
13
5400.0
23
-9680.0
33
2000.0
0
3DFACE
8
WALLS
10
5400.0
20
-9680.0
30
2000.0
11
6500.0
21
-9950.0
31
2000.0
12
6500.0
22
-9950.0
32
4000.0
13
5400.0
23
-9680.0
33
4000.0
0
3DFACE
8
WALLS
10
5400.0
20
-9680.0
30
4000.0
11
6500.0
21
-9950.0
31
4000.0
12
6500.0
22
-9950.0
32
6000.0
13
5400.0
23
-9680.0
33
6000.0
0
3DFACE
8
WALLS
10
5400.0
20
-9680.0
30
6000.0
11
6500.0
21
-9950.0
31
6000.0
12
6500.0
22
-9950.0
32
8000.0
13
5400.0
23
-9680.0
33
8000.0
0
3DFACE
8
WALLS
10
5400.0
20
-9680.0
30
8000.0
11
6500.0
21
-9950.0
31
8000.0
12
6500.0
22
-9950.0
32
10000.0
13
5400.0
23
-9680.0
33
10000.0
0
3DFACE
8
WALLS
10
5400.0
20
-9680.0
30
10000.0
11
6500.0
21
-9950.0
31
10000.0
12
6500.0
22
-9950.0
32
12000.0
13
5400.0
23
-9680.0
33
12000.0
0
3DFACE
8
WALLS
10
6500.0
20
-9950.0
30
0.0
11
7600.0
21
-10220.0
31
0.0
12
7600.0
22
-10220.0
32
2000.0
13
6500.0
23
-9950.0
33
2000.0
0
3DFACE
8
WALLS
10
6500.0
20
-9950.0
30
2000.0
11
7600.0
21
-10220.0
31
2000.0
12
7600.0
22
-10220.0
32
4000.0
13
6500.0
23
-9950.0
33
4000.0
0
3DFACE
8
WALLS
10
6500.0
20
-9950.0
30
4000.0
11
7600.0
21
-10220.0
31
4000.0
12
7600.0
22
-10220.0
32
6000.0
13
6500.0
23
-9950.0
33
6000.0
0
3DFACE
8
WALLS
10
6500.0
20
-9950.0
30
6000.0
11
7600.0
21
-10220.0
31
6000.0
12
7600.0
22
-10220.0
32
8000.0
13
6500.0
23
-9950.0
33
8000.0
0
3DFACE
8
WALLS
10
6500.0
20
-9950.0
30
8000.0
11
7600.0
21
-10220.0
31
8000.0
12
7600.0
22
-10220.0
32
10000.0
13
6500.0
23
-9950.0
33
10000.0
0
3DFACE
8
WALLS
10
6500.0
20
-9950.0
30
10000.0
11
7600.0
21
-10220.0
31
10000.0
12
7600.0
22
-10220.0
32
12000.0
13
6500.0
23
-9950.0
33
12000.0
0
3DFACE
8
WALLS
10
7600.0
20
-10220.0
30
0.0
11
8700.0
21
-10490.0
31
0.0
12
8700.0
22
-10490.0
32
2000.0
13
7600.0
23
-10220.0
33
2000.0
0
3DFACE
8
WALLS
10
7600.0
20
-10220.0
30
2000.0
11
8700.0
21
-10490.0
31
2000.0
12
8700.0
22
-10490.0
32
4000.0
13
7600.0
23
-10220.0
33
4000.0
0
3DFACE
8
WALLS
10
7600.0
20
-10220.0
30
4000.0
11
8700.0
21
-10490.0
31
4000.0
12
8700.0
22
-10490.0
32
6000.0
13
7600.0
23
-10220.0
33
6000.0
0
3DFACE
8
WALLS
10
7600.0
20
-10220.0
30
6000.0
11
8700.0
21
-10490.0
31
6000.0
12
8700.0
22
-10490.0
32
8000.0
13
7600.0
23
-10220.0
33
8000.0
0
3DFACE
8
WALLS
10
7600.0
20
-10220.0
30
8000.0
11
8700.0
21
-10490.0
31
8000.0
12
8700.0
22
-10490.0
32
10000.0
13
7600.0
23
-10220.0
33
10000.0
0
3DFACE
8
WALLS
10
7600.0
20
-10220.0
30
10000.0
11
8700.0
21
-10490.0
31
10000.0
12
8700.0
22
-10490.0
32
12000.0
13
7600.0
23
-10220.0
33
12000.0
0
3DFACE
8
WALLS
10
8700.0
20
-10490.0
30
0.0
11
9800.0
21
-10760.0
31
0.0
12
9800.0
22
-10760.0
32
2000.0
13
8700.0
23
-10490.0
33
2000.0
0
3DFACE
8
WALLS
10
8700.0
20
-10490.0
30
2000.0
11
9800.0
21
-10760.0
31
2000.0
12
9800.0
22
-10760.0
32
4000.0
13
8700.0
23
-10490.0
33
4000.0
0
3DFACE
8
WALLS
10
8700.0
20
-10490.0
30
4000.0
11
9800.0
21
-10760.0
31
4000.0
12
9800.0
22
-10760.0
32
6000.0
13
8700.0
23
-10490.0
33
6000.0
0
3DFACE
8
WALLS
10
8700.0
20
-10490.0
30
6000.0
11
9800.0
21
-10760.0
31
6000.0
12
9800.0
22
-10760.0
32
8000.0
13
8700.0
23
-10490.0
33
8000.0
0
3DFACE
8
WALLS
10
8700.0
20
-10490.0
30
8000.0
11
9800.0
21
-10760.0
31
8000.0
12
9800.0
22
-10760.0
32
10000.0
13
8700.0
23
-10490.0
33
10000.0
0
3DFACE
8
WALLS
10
8700.0
20
-10490.0
30
10000.0
11
9800.0
21
-10760.0
31
10000.0
12
9800.0
22
-10760.0
32
12000.0
13
8700.0
23
-10490.0
33
12000.0
0
3DFACE
8
WALLS
10
9800.0
20
-10760.0
30
0.0
11
10900.0
21
-11030.0
31
0.0
12
10900.0
22
-11030.0
32
2000.0
13
9800.0
23
-10760.0
33
2000.0
0
3DFACE
8
WALLS
10
9800.0
20
-10760.0
30
2000.0
11
10900.0
21
-11030.0
31
2000.0
12
10900.0
22
-11030.0
32
4000.0
13
9800.0
23
-10760.0
33
4000.0
0
3DFACE
8
WALLS
10
9800.0
20
-10760.0
30
4000.0
11
10900.0
21
-11030.0
31
4000.0
12
10900.0
22
-11030.0
32
6000.0
13
9800.0
23
-10760.0
33
6000.0
0
3DFACE
8
WALLS
10
9800.0
20
-10760.0
30
6000.0
11
10900.0
21
-11030.0
31
6000.0
12
10900.0
22
-11030.0
32
8000.0
13
9800.0
23
-10760.0
33
8000.0
0
3DFACE
8
WALLS
10
9800.0
20
-10760.0
30
8000.0
11
10900.0
21
-11030.0
31
8000.0
12
10900.0
22
-11030.0
32
10000.0
13
9800.0
23
-10760.0
33
10000.0
0
3DFACE
8
WALLS
10
9800.0
20
-10760.0
30
10000.0
11
10900.0
21
-11030.0
31
10000.0
12
10900.0
22
-11030.0
32
12000.0
13
9800.0
23
-10760.0
33
12000.0
0
3DFACE
8
WALLS
10
10900.0
20
-11030.0
30
0.0
11
12000.0
21
-11300.0
31
0.0
12
12000.0
22
-11300.0
32
2000.0
13
10900.0
23
-11030.0
33
2000.0
0
3DFACE
8
WALLS
10
10900.0
20
-11030.0
30
2000.0
11
12000.0
21
-11300.0
31
2000.0
12
12000.0
22
-11300.0
32
4000.0
13
10900.0
23
-11030.0
33
4000.0
0
3DFACE
8
WALLS
10
10900.0
20
-11030.0
30
4000.0
11
12000.0
21
-11300.0
31
4000.0
12
12000.0
22
-11300.0
32
6000.0
13
10900.0
23
-11030.0
33
6000.0
0
3DFACE
8
WALLS
10
10900.0
20
-11030.0
30
6000.0
11
12000.0
21
-11300.0
31
6000.0
12
12000.0
22
-11300.0
32
8000.0
13
10900.0
23
-11030.0
33
8000.0
0
3DFACE
8
WALLS
10
10900.0
20
-11030.0
30
8000.0
11
12000.0
21
-11300.0
31
8000.0
12
12000.0
22
-11300.0
32
10000.0
13
10900.0
23
-11030.0
33
10000.0
0
3DFACE
8
WALLS
10
10900.0
20
-11030.0
30
10000.0
11
12000.0
21
-11300.0
31
10000.0
12
12000.0
22
-11300.0
32
12000.0
13
10900.0
23
-11030.0
33
12000.0
0
3DFACE
8
WALLS
10
12000.0
20
-11300.0
30
0.0
11
13100.0
21
-11570.0
31
0.0
12
13100.0
22
-11570.0
32
2000.0
13
12000.0
23
-11300.0
33
2000.0
0
3DFACE
8
WALLS
10
12000.0
20
-11300.0
30
2000.0
11
13100.0
21
-11570.0
31
2000.0
12
13100.0
22
-11570.0
32
4000.0
13
12000.0
23
-11300.0
33
4000.0
0
3DFACE
8
WALLS
10
12000.0
20
-11300.0
30
4000.0
11
13100.0
21
-11570.0
31
4000.0
12
13100.0
22
-11570.0
32
6000.0
13
12000.0
23
-11300.0
33
6000.0
0
3DFACE
8
WALLS
10
12000.0
20
-11300.0
30
6000.0
11
13100.0
21
-11570.0
31
6000.0
12
13100.0
22
-11570.0
32
8000.0
13
12000.0
23
-11300.0
33
8000.0
0
3DFACE
8
WALLS
10
12000.0
20
-11300.0
30
8000.0
11
13100.0
21
-11570.0
31
8000.0
12
13100.0
22
-11570.0
32
10000.0
13
12000.0
23
-11300.0
33
10000.0
0
3DFACE
8
WALLS
10
12000.0
20
-11300.0
30
10000.0
11
13100.0
21
-11570.0
31
10000.0
12
13100.0
22
-11570.0
32
12000.0
13
12000.0
23
-11300.0
33
12000.0
0
3DFACE
8
WALLS
10
13100.0
20
-11570.0
30
0.0
11
14200.0
21
-11840.0
31
0.0
12
14200.0
22
-11840.0
32
2000.0
13
13100.0
23
-11570.0
33
2000.0
0
3DFACE
8
WALLS
10
13100.0
20
-11570.0
30
2000.0
11
14200.0
21
-11840.0
31
2000.0
12
14200.0
22
-11840.0
32
4000.0
13
13100.0
23
-11570.0
33
4000.0
0
3DFACE
8
WALLS
10
13100.0
20
-11570.0
30
4000.0
11
14200.0
21
-11840.0
31
4000.0
12
14200.0
22
-11840.0
32
6000.0
13
13100.0
23
-11570.0
33
6000.0
0
3DFACE
8
WALLS
10
13100.0
20
-11570.0
30
6000.0
11
14200.0
21
-11840.0
31
6000.0
12
14200.0
22
-11840.0
32
8000.0
13
13100.0
23
-11570.0
33
8000.0
0
3DFACE
8
WALLS
10
13100.0
20
-11570.0
30
8000.0
11
14200.0
21
-11840.0
31
8000.0
12
14200.0
22
-11840.0
32
10000.0
13
13100.0
23
-11570.0
33
10000.0
0
3DFACE
8
WALLS
10
13100.0
20
-11570.0
30
10000.0
11
14200.0
21
-11840.0
31
10000.0
12
14200.0
22
-11840.0
32
12000.0
13
13100.0
23
-11570.0
33
12000.0
0
3DFACE
8
WALLS
10
14200.0
20
-11840.0
30
0.0
11
15300.0
21
-12110.0
31
0.0
12
15300.0
22
-12110.0
32
2000.0
13
14200.0
23
-11840.0
33
2000.0
0
3DFACE
8
WALLS
10
14200.0
20
-11840.0
30
2000.0
11
15300.0
21
-12110.0
31
2000.0
12
15300.0
22
-12110.0
32
4000.0
13
14200.0
23
-11840.0
33
4000.0
0
3DFACE
8
WALLS
10
14200.0
20
-11840.0
30
4000.0
11
15300.0
21
-12110.0
31
4000.0
12
15300.0
22
-12110.0
32
6000.0
13
14200.0
23
-11840.0
33
6000.0
0
3DFACE
8
WALLS
10
14200.0
20
-11840.0
30
6000.0
11
15300.0
21
-12110.0
31
6000.0
12
15300.0
22
-12110.0
32
8000.0
13
14200.0
23
-11840.0
33
8000.0
0
3DFACE
8
WALLS
10
14200.0
20
-11840.0
30
8000.0
11
15300.0
21
-12110.0
31
8000.0
12
15300.0
22
-12110.0
32
10000.0
13
14200.0
23
-11840.0
33
10000.0
0
3DFACE
8
WALLS
10
14200.0
20
-11840.0
30
10000.0
11
15300.0
21
-12110.0
31
10000.0
12
15300.0
22
-12110.0
32
12000.0
13
14200.0
23
-11840.0
33
12000.0
0
3DFACE
8
WALLS
10
15300.0
20
-12110.0
30
0.0
11
16400.0
21
-12380.0
31
0.0
12
16400.0
22
-12380.0
32
2000.0
13
15300.0
23
-12110.0
33
2000.0
0
3DFACE
8
WALLS
10
15300.0
20
-12110.0
30
2000.0
11
16400.0
21
-12380.0
31
2000.0
12
16400.0
22
-12380.0
32
4000.0
13
15300.0
23
-12110.0
33
4000.0
0
3DFACE
8
WALLS
10
15300.0
20
-12110.0
30
4000.0
11
16400.0
21
-12380.0
31
4000.0
12
16400.0
22
-12380.0
32
6000.0
13
15300.0
23
-12110.0
33
6000.0
0
3DFACE
8
WALLS
10
15300.0
20
-12110.0
30
6000.0
11
16400.0
21
-12380.0
31
6000.0
12
16400.0
22
-12380.0
32
8000.0
13
15300.0
23
-12110.0
33
8000.0
0
3DFACE
8
WALLS
10
15300.0
20
-12110.0
30
8000.0
11
16400.0
21
-12380.0
31
8000.0
12
16400.0
22
-12380.0
32
10000.0
13
15300.0
23
-12110.0
33
10000.0
0
3DFACE
8
WALLS
10
15300.0
20
-12110.0
30
10000.0
11
16400.0
21
-12380.0
31
10000.0
12
16400.0
22
-12380.0
32
12000.0
13
15300.0
23
-12110.0
33
12000.0
0
3DFACE
8
WALLS
10
16400.0
20
-12380.0
30
0.0
11
17500.0
21
-12650.0
31
0.0
12
17500.0
22
-12650.0
32
2000.0
13
16400.0
23
-12380.0
33
2000.0
0
3DFACE
8
WALLS
10
16400.0
20
-12380.0
30
2000.0
11
17500.0
21
-12650.0
31
2000.0
12
17500.0
22
-12650.0
32
4000.0
13
16400.0
23
-12380.0
33
4000.0
0
3DFACE
8
WALLS
10
16400.0
20
-12380.0
30
4000.0
11
17500.0
21
-12650.0
31
4000.0
12
17500.0
22
-12650.0
32
6000.0
13
16400.0
23
-12380.0
33
6000.0
0
3DFACE
8
WALLS
10
16400.0
20
-12380.0
30
6000.0
11
17500.0
21
-12650.0
31
6000.0
12
17500.0
22
-12650.0
32
8000.0
13
16400.0
23
-12380.0
33
8000.0
0
3DFACE
8
WALLS
10
16400.0
20
-12380.0
30
8000.0
11
17500.0
21
-12650.0
31
8000.0
12
17500.0
22
-12650.0
32
10000.0
13
16400.0
23
-12380.0
33
10000.0
0
3DFACE
8
WALLS
10
16400.0
20
-12380.0
30
10000.0
11
17500.0
21
-12650.0
31
10000.0
12
17500.0
22
-12650.0
32
12000.0
13
16400.0
23
-12380.0
33
12000.0
0
3DFACE
8
WALLS
10
17500.0
20
-12650.0
30
0.0
11
18600.0
21
-12920.0
31
0.0
12
18600.0
22
-12920.0
32
2000.0
13
17500.0
23
-12650.0
33
2000.0
0
3DFACE
8
WALLS
10
17500.0
20
-12650.0
30
2000.0
11
18600.0
21
-12920.0
31
2000.0
12
18600.0
22
-12920.0
32
4000.0
13
17500.0
23
-12650.0
33
4000.0
0
3DFACE
8
WALLS
10
17500.0
20
-12650.0
30
4000.0
11
18600.0
21
-12920.0
31
4000.0
12
18600.0
22
-12920.0
32
6000.0
13
17500.0
23
-12650.0
33
6000.0
0
3DFACE
8
WALLS
10
17500.0
20
-12650.0
30
6000.0
11
18600.0
21
-12920.0
31
6000.0
12
18600.0
22
-12920.0
32
8000.0
13
17500.0
23
-12650.0
33
8000.0
0
3DFACE
8
WALLS
10
17500.0
20
-12650.0
30
8000.0
11
18600.0
21
-12920.0
31
8000.0
12
18600.0
22
-12920.0
32
10000.0
13
17500.0
23
-12650.0
33
10000.0
0
3DFACE
8
WALLS
10
17500.0
20
-12650.0
30
10000.0
11
18600.0
21
-12920.0
31
10000.0
12
18600.0
22
-12920.0
32
12000.0
13
17500.0
23
-12650.0
33
12000.0
0
3DFACE
8
WALLS
10
18600.0
20
-12920.0
30
0.0
11
19700.0
21
-13190.0
31
0.0
12
19700.0
22
-13190.0
32
2000.0
13
18600.0
23
-12920.0
33
2000.0
0
3DFACE
8
WALLS
10
18600.0
20
-12920.0
30
2000.0
11
19700.0
21
-13190.0
31
2000.0
12
19700.0
22
-13190.0
32
4000.0
13
18600.0
23
-12920.0
33
4000.0
0
3DFACE
8
WALLS
10
18600.0
20
-12920.0
30
4000.0
11
19700.0
21
-13190.0
31
4000.0
12
19700.0
22
-13190.0
32
6000.0
13
18600.0
23
-12920.0
33
6000.0
0
3DFACE
8
WALLS
10
18600.0
20
-12920.0
30
6000.0
11
19700.0
21
-13190.0
31
6000.0
12
19700.0
22
-13190.0
32
8000.0
13
18600.0
23
-12920.0
33
8000.0
0
3DFACE
8
WALLS
10
18600.0
20
-12920.0
30
8000.0
11
19700.0
21
-13190.0
31
8000.0
12
19700.0
22
-13190.0
32
10000.0
13
18600.0
23
-12920.0
33
10000.0
0
3DFACE
8
WALLS
10
18600.0
20
-12920.0
30
10000.0
11
19700.0
21
-13190.0
31
10000.0
12
19700.0
22
-13190.0
32
12000.0
13
18600.0
23
-12920.0
33
12000.0
0
3DFACE
8
WALLS
10
19700.0
20
-13190.0
30
0.0
11
20800.0
21
-13460.0
31
0.0
12
20800.0
22
-13460.0
32
2000.0
13
19700.0
23
-13190.0
33
2000.0
0
3DFACE
8
WALLS
10
19700.0
20
-13190.0
30
2000.0
11
20800.0
21
-13460.0
31
2000.0
12
20800.0
22
-13460.0
32
4000.0
13
19700.0
23
-13190.0
33
4000.0
0
3DFACE
8
WALLS
10
19700.0
20
-13190.0
30
4000.0
11
20800.0
21
-13460.0
31
4000.0
12
20800.0
22
-13460.0
32
6000.0
13
19700.0
23
-13190.0
33
6000.0
0
3DFACE
8
WALLS
10
19700.0
20
-13190.0
30
6000.0
11
20800.0
21
-13460.0
31
6000.0
12
20800.0
22
-13460.0
32
8000.0
13
19700.0
23
-13190.0
33
8000.0
0
3DFACE
8
WALLS
10
19700.0
20
-13190.0
30
8000.0
11
20800.0
21
-13460.0
31
8000.0
12
20800.0
22
-13460.0
32
10000.0
13
19700.0
23
-13190.0
33
10000.0
0
3DFACE
8
WALLS
10
19700.0
20
-13190.0
30
10000.0
11
20800.0
21
-13460.0
31
10000.0
12
20800.0
22
-13460.0
32
12000.0
13
19700.0
23
-13190.0
33
12000.0
0
3DFACE
8
WALLS
10
20800.0
20
-13460.0
30
0.0
11
21900.0
21
-13730.0
31
0.0
12
21900.0
22
-13730.0
32
2000.0
13
20800.0
23
-13460.0
33
2000.0
0
3DFACE
8
WALLS
10
20800.0
20
-13460.0
30
2000.0
11
21900.0
21
-13730.0
31
2000.0
12
21900.0
22
-13730.0
32
4000.0
13
20800.0
23
-13460.0
33
4000.0
0
3DFACE
8
WALLS
10
20800.0
20
-13460.0
30
4000.0
11
21900.0
21
-13730.0
31
4000.0
12
21900.0
22
-13730.0
32
6000.0
13
20800.0
23
-13460.0
33
6000.0
0
3DFACE
8
WALLS
10
20800.0
20
-13460.0
30
6000.0
11
21900.0
21
-13730.0
31
6000.0
12
21900.0
22
-13730.0
32
8000.0
13
20800.0
23
-13460.0
33
8000.0
0
3DFACE
8
WALLS
10
20800.0
20
-13460.0
30
8000.0
11
21900.0
21
-13730.0
31
8000.0
12
21900.0
22
-13730.0
32
10000.0
13
20800.0
23
-13460.0
33
10000.0
0
3DFACE
8
WALLS
10
20800.0
20
-13460.0
30
10000.0
11
21900.0
21
-13730.0
31
10000.0
12
21900.0
22
-13730.0
32
12000.0
13
20800.0
23
-13460.0
33
12000.0
0
3DFACE
8
WALLS
10
21900.0
20
-13730.0
30
0.0
11
23000.0
21
-14000.0
31
0.0
12
23000.0
22
-14000.0
32
2000.0
13
21900.0
23
-13730.0
33
2000.0
0
3DFACE
8
WALLS
10
21900.0
20
-13730.0
30
2000.0
11
23000.0
21
-14000.0
31
2000.0
12
23000.0
22
-14000.0
32
4000.0
13
21900.0
23
-13730.0
33
4000.0
0
3DFACE
8
WALLS
10
21900.0
20
-13730.0
30
4000.0
11
23000.0
21
-14000.0
31
4000.0
12
23000.0
22
-14000.0
32
6000.0
13
21900.0
23
-13730.0
33
6000.0
0
3DFACE
8
WALLS
10
21900.0
20
-13730.0
30
6000.0
11
23000.0
21
-14000.0
31
6000.0
12
23000.0
22
-14000.0
32
8000.0
13
21900.0
23
-13730.0
33
8000.0
0
3DFACE
8
WALLS
10
21900.0
20
-13730.0
30
8000.0
11
23000.0
21
-14000.0
31
8000.0
12
23000.0
22
-14000.0
32
10000.0
13
21900.0
23
-13730.0
33
10000.0
0
3DFACE
8
WALLS
10
21900.0
20
-13730.0
30
10000.0
11
23000.0
21
-14000.0
31
10000.0
12
23000.0
22
-14000.0
32
12000.0
13
21900.0
23
-13730.0
33
12000.0
0
3DFACE
8
WALLS
10
1000.0
20
8600.0
30
0.0
11
2100.0
21
8870.0
31
0.0
12
2100.0
22
8870.0
32
2000.0
13
1000.0
23
8600.0
33
2000.0
0
3DFACE
8
WALLS
10
1000.0
20
8600.0
30
2000.0
11
2100.0
21
8870.0
31
2000.0
12
2100.0
22
8870.0
32
4000.0
13
1000.0
23
8600.0
33
4000.0
0
3DFACE
8
WALLS
10
1000.0
20
8600.0
30
4000.0
11
2100.0
21
8870.0
31
4000.0
12
2100.0
22
8870.0
32
6000.0
13
1000.0
23
8600.0
33
6000.0
0
3DFACE
8
WALLS
10
1000.0
20
8600.0
30
6000.0
11
2100.0
21
8870.0
31
6000.0
12
2100.0
22
8870.0
32
8000.0
13
1000.0
23
8600.0
33
8000.0
0
3DFACE
8
WALLS
10
1000.0
20
8600.0
30
8000.0
11
2100.0
21
8870.0
31
8000.0
12
2100.0
22
8870.0
32
10000.0
13
1000.0
23
8600.0
33
10000.0
0
3DFACE
8
WALLS
10
1000.0
20
8600.0
30
10000.0
11
2100.0
21
8870.0
31
10000.0
12
2100.0
22
8870.0
32
12000.0
13
1000.0
23
8600.0
33
12000.0
0
3DFACE
8
WALLS
10
2100.0
20
8870.0
30
0.0
11
3200.0
21
9140.0
31
0.0
12
3200.0
22
9140.0
32
2000.0
13
2100.0
23
8870.0
33
2000.0
0
3DFACE
8
WALLS
10
2100.0
20
8870.0
30
2000.0
11
3200.0
21
9140.0
31
2000.0
12
3200.0
22
9140.0
32
4000.0
13
2100.0
23
8870.0
33
4000.0
0
3DFACE
8
WALLS
10
2100.0
20
8870.0
30
4000.0
11
3200.0
21
9140.0
31
4000.0
12
3200.0
22
9140.0
32
6000.0
13
2100.0
23
8870.0
33
6000.0
0
3DFACE
8
WALLS
10
2100.0
20
8870.0
30
6000.0
11
3200.0
21
9140.0
31
6000.0
12
3200.0
22
9140.0
32
8000.0
13
2100.0
23
8870.0
33
8000.0
0
3DFACE
8
WALLS
10
2100.0
20
8870.0
30
8000.0
11
3200.0
21
9140.0
31
8000.0
12
3200.0
22
9140.0
32
10000.0
13
2100.0
23
8870.0
33
10000.0
0
3DFACE
8
WALLS
10
2100.0
20
8870.0
30
10000.0
11
3200.0
21
9140.0
31
10000.0
12
3200.0
22
9140.0
32
12000.0
13
2100.0
23
8870.0
33
12000.0
0
3DFACE
8
WALLS
10
3200.0
20
9140.0
30
0.0
11
4300.0
21
9410.0
31
0.0
12
4300.0
22
9410.0
32
2000.0
13
3200.0
23
9140.0
33
2000.0
0
3DFACE
8
WALLS
10
3200.0
20
9140.0
30
2000.0
11
4300.0
21
9410.0
31
2000.0
12
4300.0
22
9410.0
32
4000.0
13
3200.0
23
9140.0
33
4000.0
0
3DFACE
8
WALLS
10
3200.0
20
9140.0
30
4000.0
11
4300.0
21
9410.0
31
4000.0
12
4300.0
22
9410.0
32
6000.0
13
3200.0
23
9140.0
33
6000.0
0
3DFACE
8
WALLS
10
3200.0
20
9140.0
30
6000.0
11
4300.0
21
9410.0
31
6000.0
12
4300.0
22
9410.0
32
8000.0
13
3200.0
23
9140.0
33
8000.0
0
3DFACE
8
WALLS
10
3200.0
20
9140.0
30
8000.0
11
4300.0
21
9410.0
31
8000.0
12
4300.0
22
9410.0
32
10000.0
13
3200.0
23
9140.0
33
10000.0
0
3DFACE
8
WALLS
10
3200.0
20
9140.0
30
10000.0
11
4300.0
21
9410.0
31
10000.0
12
4300.0
22
9410.0
32
12000.0
13
3200.0
23
9140.0
33
12000.0
0
3DFACE
8
WALLS
10
4300.0
20
9410.0
30
0.0
11
5400.0
21
9680.0
31
0.0
12
5400.0
22
9680.0
32
2000.0
13
4300.0
23
9410.0
33
2000.0
0
3DFACE
8
WALLS
10
4300.0
20
9410.0
30
2000.0
11
5400.0
21
9680.0
31
2000.0
12
5400.0
22
9680.0
32
4000.0
13
4300.0
23
9410.0
33
4000.0
0
3DFACE
8
WALLS
10
4300.0
20
9410.0
30
4000.0
11
5400.0
21
9680.0
31
4000.0
12
5400.0
22
9680.0
32
6000.0
13
4300.0
23
9410.0
33
6000.0
0
3DFACE
8
WALLS
10
4300.0
20
9410.0
30
6000.0
11
5400.0
21
9680.0
31
6000.0
12
5400.0
22
9680.0
32
8000.0
13
4300.0
23
9410.0
33
8000.0
0
3DFACE
8
WALLS
10
4300.0
20
9410.0
30
8000.0
11
5400.0
21
9680.0
31
8000.0
12
5400.0
22
9680.0
32
10000.0
13
4300.0
23
9410.0
33
10000.0
0
3DFACE
8
WALLS
10
4300.0
20
9410.0
30
10000.0
11
5400.0
21
9680.0
31
10000.0
12
5400.0
22
9680.0
32
12000.0
13
4300.0
23
9410.0
33
12000.0
0
3DFACE
8
WALLS
10
5400.0
20
9680.0
30
0.0
11
6500.0
21
9950.0
31
0.0
12
6500.0
22
9950.0
32
2000.0
13
5400.0
23
9680.0
33
2000.0
0
3DFACE
8
WALLS
10
5400.0
20
9680.0
30
2000.0
11
6500.0
21
9950.0
31
2000.0
12
6500.0
22
9950.0
32
4000.0
13
5400.0
23
9680.0
33
4000.0
0
3DFACE
8
WALLS
10
5400.0
20
9680.0
30
4000.0
11
6500.0
21
9950.0
31
4000.0
12
6500.0
22
9950.0
32
6000.0
13
5400.0
23
9680.0
33
6000.0
0
3DFACE
8
WALLS
10
5400.0
20
9680.0
30
6000.0
11
6500.0
21
9950.0
31
6000.0
12
6500.0
22
9950.0
32
8000.0
13
5400.0
23
9680.0
33
8000.0
0
3DFACE
8
WALLS
10
5400.0
20
9680.0
30
8000.0
11
6500.0
21
9950.0
31
8000.0
12
6500.0
22
9950.0
32
10000.0
13
5400.0
23
9680.0
33
10000.0
0
3DFACE
8
WALLS
10
5400.0
20
9680.0
30
10000.0
11
6500.0
21
9950.0
31
10000.0
12
6500.0
22
9950.0
32
12000.0
13
5400.0
23
9680.0
33
12000.0
0
3DFACE
8
WALLS
10
6500.0
20
9950.0
30
0.0
11
7600.0
21
10220.0
31
0.0
12
7600.0
22
10220.0
32
2000.0
13
6500.0
23
9950.0
33
2000.0
0
3DFACE
8
WALLS
10
6500.0
20
9950.0
30
2000.0
11
7600.0
21
10220.0
31
2000.0
12
7600.0
22
10220.0
32
4000.0
13
6500.0
23
9950.0
33
4000.0
0
3DFACE
8
WALLS
10
6500.0
20
9950.0
30
4000.0
11
7600.0
21
10220.0
31
4000.0
12
7600.0
22
10220.0
32
6000.0
13
6500.0
23
9950.0
33
6000.0
0
3DFACE
8
WALLS
10
6500.0
20
9950.0
30
6000.0
11
7600.0
21
10220.0
31
6000.0
12
7600.0
22
10220.0
32
8000.0
13
6500.0
23
9950.0
33
8000.0
0
3DFACE
8
WALLS
10
6500.0
20
9950.0
30
8000.0
11
7600.0
21
10220.0
31
8000.0
12
7600.0
22
10220.0
32
10000.0
13
6500.0
23
9950.0
33
10000.0
0
3DFACE
8
WALLS
10
6500.0
20
9950.0
30
10000.0
11
7600.0
21
10220.0
31
10000.0
12
7600.0
22
10220.0
32
12000.0
13
6500.0
23
9950.0
33
12000.0
0
3DFACE
8
WALLS
10
7600.0
20
10220.0
30
0.0
11
8700.0
21
10490.0
31
0.0
12
8700.0
22
10490.0
32
2000.0
13
7600.0
23
10220.0
33
2000.0
0
3DFACE
8
WALLS
10
7600.0
20
10220.0
30
2000.0
11
8700.0
21
10490.0
31
2000.0
12
8700.0
22
10490.0
32
4000.0
13
7600.0
23
10220.0
33
4000.0
0
3DFACE
8
WALLS
10
7600.0
20
10220.0
30
4000.0
11
8700.0
21
10490.0
31
4000.0
12
8700.0
22
10490.0
32
6000.0
13
7600.0
23
10220.0
33
6000.0
0
3DFACE
8
WALLS
10
7600.0
20
10220.0
30
6000.0
11
8700.0
21
10490.0
31
6000.0
12
8700.0
22
10490.0
32
8000.0
13
7600.0
23
10220.0
33
8000.0
0
3DFACE
8
WALLS
10
7600.0
20
10220.0
30
8000.0
11
8700.0
21
10490.0
31
8000.0
12
8700.0
22
10490.0
32
10000.0
13
7600.0
23
10220.0
33
10000.0
0
3DFACE
8
WALLS
10
7600.0
20
10220.0
30
10000.0
11
8700.0
21
10490.0
31
10000.0
12
8700.0
22
10490.0
32
12000.0
13
7600.0
23
10220.0
33
12000.0
0
3DFACE
8
WALLS
10
8700.0
20
10490.0
30
0.0
11
9800.0
21
10760.0
31
0.0
12
9800.0
22
10760.0
32
2000.0
13
8700.0
23
10490.0
33
2000.0
0
3DFACE
8
WALLS
10
8700.0
20
10490.0
30
2000.0
11
9800.0
21
10760.0
31
2000.0
12
9800.0
22
10760.0
32
4000.0
13
8700.0
23
10490.0
33
4000.0
0
3DFACE
8
WALLS
10
8700.0
20
10490.0
30
4000.0
11
9800.0
21
10760.0
31
4000.0
12
9800.0
22
10760.0
32
6000.0
13
8700.0
23
10490.0
33
6000.0
0
3DFACE
8
WALLS
10
8700.0
20
10490.0
30
6000.0
11
9800.0
21
10760.0
31
6000.0
12
9800.0
22
10760.0
32
8000.0
13
8700.0
23
10490.0
33
8000.0
0
3DFACE
8
WALLS
10
8700.0
20
10490.0
30
8000.0
11
9800.0
21
10760.0
31
8000.0
12
9800.0
22
10760.0
32
10000.0
13
8700.0
23
10490.0
33
10000.0
0
3DFACE
8
WALLS
10
8700.0
20
10490.0
30
10000.0
11
9800.0
21
10760.0
31
10000.0
12
9800.0
22
10760.0
32
12000.0
13
8700.0
23
10490.0
33
12000.0
0
3DFACE
8
WALLS
10
9800.0
20
10760.0
30
0.0
11
10900.0
21
11030.0
31
0.0
12
10900.0
22
11030.0
32
2000.0
13
9800.0
23
10760.0
33
2000.0
0
3DFACE
8
WALLS
10
9800.0
20
10760.0
30
2000.0
11
10900.0
21
11030.0
31
2000.0
12
10900.0
22
11030.0
32
4000.0
13
9800.0
23
10760.0
33
4000.0
0
3DFACE
8
WALLS
10
9800.0
20
10760.0
30
4000.0
11
10900.0
21
11030.0
31
4000.0
12
10900.0
22
11030.0
32
6000.0
13
9800.0
23
10760.0
33
6000.0
0
3DFACE
8
WALLS
10
9800.0
20
10760.0
30
6000.0
11
10900.0
21
11030.0
31
6000.0
12
10900.0
22
11030.0
32
8000.0
13
9800.0
23
10760.0
33
8000.0
0
3DFACE
8
WALLS
10
9800.0
20
10760.0
30
8000.0
11
10900.0
21
11030.0
31
8000.0
12
10900.0
22
11030.0
32
10000.0
13
9800.0
23
10760.0
33
10000.0
0
3DFACE
8
WALLS
10
9800.0
20
10760.0
30
10000.0
11
10900.0
21
11030.0
31
10000.0
12
10900.0
22
11030.0
32
12000.0
13
9800.0
23
10760.0
33
12000.0
0
3DFACE
8
WALLS
10
10900.0
20
11030.0
30
0.0
11
12000.0
21
11300.0
31
0.0
12
12000.0
22
11300.0
32
2000.0
13
10900.0
23
11030.0
33
2000.0
0
3DFACE
8
WALLS
10
10900.0
20
11030.0
30
2000.0
11
12000.0
21
11300.0
31
2000.0
12
12000.0
22
11300.0
32
4000.0
13
10900.0
23
11030.0
33
4000.0
0
3DFACE
8
WALLS
10
10900.0
20
11030.0
30
4000.0
11
12000.0
21
11300.0
31
4000.0
12
12000.0
22
11300.0
32
6000.0
13
10900.0
23
11030.0
33
6000.0
0
3DFACE
8
WALLS
10
10900.0
20
11030.0
30
6000.0
11
12000.0
21
11300.0
31
6000.0
12
12000.0
22
11300.0
32
8000.0
13
10900.0
23
11030.0
33
8000.0
0
3DFACE
8
WALLS
10
10900.0
20
11030.0
30
8000.0
11
12000.0
21
11300.0
31
8000.0
12
12000.0
22
11300.0
32
10000.0
13
10900.0
23
11030.0
33
10000.0
0
3DFACE
8
WALLS
10
10900.0
20
11030.0
30
10000.0
11
12000.0
21
11300.0
31
10000.0
12
12000.0
22
11300.0
32
12000.0
13
10900.0
23
11030.0
33
12000.0
0
3DFACE
8
WALLS
10
12000.0
20
11300.0
30
0.0
11
13100.0
21
11570.0
31
0.0
12
13100.0
22
11570.0
32
2000.0
13
12000.0
23
11300.0
33
2000.0
0
3DFACE
8
WALLS
10
12000.0
20
11300.0
30
2000.0
11
13100.0
21
11570.0
31
2000.0
12
13100.0
22
11570.0
32
4000.0
13
12000.0
23
11300.0
33
4000.0
0
3DFACE
8
WALLS
10
12000.0
20
11300.0
30
4000.0
11
13100.0
21
11570.0
31
4000.0
12
13100.0
22
11570.0
32
6000.0
13
12000.0
23
11300.0
33
6000.0
0
3DFACE
8
WALLS
10
12000.0
20
11300.0
30
6000.0
11
13100.0
21
11570.0
31
6000.0
12
13100.0
22
11570.0
32
8000.0
13
12000.0
23
11300.0
33
8000.0
0
3DFACE
8
WALLS
10
12000.0
20
11300.0
30
8000.0
11
13100.0
21
11570.0
31
8000.0
12
13100.0
22
11570.0
32
10000.0
13
12000.0
23
11300.0
33
10000.0
0
3DFACE
8
WALLS
10
12000.0
20
11300.0
30
10000.0
11
13100.0
21
11570.0
31
10000.0
12
13100.0
22
11570.0
32
12000.0
13
12000.0
23
11300.0
33
12000.0
0
3DFACE
8
WALLS
10
13100.0
20
11570.0
30
0.0
11
14200.0
21
11840.0
31
0.0
12
14200.0
22
11840.0
32
2000.0
13
13100.0
23
11570.0
33
2000.0
0
3DFACE
8
WALLS
10
13100.0
20
11570.0
30
2000.0
11
14200.0
21
11840.0
31
2000.0
12
14200.0
22
11840.0
32
4000.0
13
13100.0
23
11570.0
33
4000.0
0
3DFACE
8
WALLS
10
13100.0
20
11570.0
30
4000.0
11
14200.0
21
11840.0
31
4000.0
12
14200.0
22
11840.0
32
6000.0
13
13100.0
23
11570.0
33
6000.0
0
3DFACE
8
WALLS
10
13100.0
20
11570.0
30
6000.0
11
14200.0
21
11840.0
31
6000.0
12
14200.0
22
11840.0
32
8000.0
13
13100.0
23
11570.0
33
8000.0
0
3DFACE
8
WALLS
10
13100.0
20
11570.0
30
8000.0
11
14200.0
21
11840.0
31
8000.0
12
14200.0
22
11840.0
32
10000.0
13
13100.0
23
11570.0
33
10000.0
0
3DFACE
8
WALLS
10
13100.0
20
11570.0
30
10000.0
11
14200.0
21
11840.0
31
10000.0
12
14200.0
22
11840.0
32
12000.0
13
13100.0
23
11570.0
33
12000.0
0
3DFACE
8
WALLS
10
14200.0
20
11840.0
30
0.0
11
15300.0
21
12110.0
31
0.0
12
15300.0
22
12110.0
32
2000.0
13
14200.0
23
11840.0
33
2000.0
0
3DFACE
8
WALLS
10
14200.0
20
11840.0
30
2000.0
11
15300.0
21
12110.0
31
2000.0
12
15300.0
22
12110.0
32
4000.0
13
14200.0
23
11840.0
33
4000.0
0
3DFACE
8
WALLS
10
14200.0
20
11840.0
30
4000.0
11
15300.0
21
12110.0
31
4000.0
12
15300.0
22
12110.0
32
6000.0
13
14200.0
23
11840.0
33
6000.0
0
3DFACE
8
WALLS
10
14200.0
20
11840.0
30
6000.0
11
15300.0
21
12110.0
31
6000.0
12
15300.0
22
12110.0
32
8000.0
13
14200.0
23
11840.0
33
8000.0
0
3DFACE
8
WALLS
10
14200.0
20
11840.0
30
8000.0
11
15300.0
21
12110.0
31
8000.0
12
15300.0
22
12110.0
32
10000.0
13
14200.0
23
11840.0
33
10000.0
0
3DFACE
8
WALLS
10
14200.0
20
11840.0
30
10000.0
11
15300.0
21
12110.0
31
10000.0
12
15300.0
22
12110.0
32
12000.0
13
14200.0
23
11840.0
33
12000.0
0
3DFACE
8
WALLS
10
15300.0
20
12110.0
30
0.0
11
16400.0
21
12380.0
31
0.0
12
16400.0
22
12380.0
32
2000.0
13
15300.0
23
12110.0
33
2000.0
0
3DFACE
8
WALLS
10
15300.0
20
12110.0
30
2000.0
11
16400.0
21
12380.0
31
2000.0
12
16400.0
22
12380.0
32
4000.0
13
15300.0
23
12110.0
33
4000.0
0
3DFACE
8
WALLS
10
15300.0
20
12110.0
30
4000.0
11
16400.0
21
12380.0
31
4000.0
12
16400.0
22
12380.0
32
6000.0
13
15300.0
23
12110.0
33
6000.0
0
3DFACE
8
WALLS
10
15300.0
20
12110.0
30
6000.0
11
16400.0
21
12380.0
31
6000.0
12
16400.0
22
12380.0
32
8000.0
13
15300.0
23
12110.0
33
8000.0
0
3DFACE
8
WALLS
10
15300.0
20
12110.0
30
8000.0
11
16400.0
21
12380.0
31
8000.0
12
16400.0
22
12380.0
32
10000.0
13
15300.0
23
12110.0
33
10000.0
0
3DFACE
8
WALLS
10
15300.0
20
12110.0
30
10000.0
11
16400.0
21
12380.0
31
10000.0
12
16400.0
22
12380.0
32
12000.0
13
15300.0
23
12110.0
33
12000.0
0
3DFACE
8
WALLS
10
16400.0
20
12380.0
30
0.0
11
17500.0
21
12650.0
31
0.0
12
17500.0
22
12650.0
32
2000.0
13
16400.0
23
12380.0
33
2000.0
0
3DFACE
8
WALLS
10
16400.0
20
12380.0
30
2000.0
11
17500.0
21
12650.0
31
2000.0
12
17500.0
22
12650.0
32
4000.0
13
16400.0
23
12380.0
33
4000.0
0
3DFACE
8
WALLS
10
16400.0
20
12380.0
30
4000.0
11
17500.0
21
12650.0
31
4000.0
12
17500.0
22
12650.0
32
6000.0
13
16400.0
23
12380.0
33
6000.0
0
3DFACE
8
WALLS
10
16400.0
20
12380.0
30
6000.0
11
17500.0
21
12650.0
31
6000.0
12
17500.0
22
12650.0
32
8000.0
13
16400.0
23
12380.0
33
8000.0
0
3DFACE
8
WALLS
10
16400.0
20
12380.0
30
8000.0
11
17500.0
21
12650.0
31
8000.0
12
17500.0
22
12650.0
32
10000.0
13
16400.0
23
12380.0
33
10000.0
0
3DFACE
8
WALLS
10
16400.0
20
12380.0
30
10000.0
11
17500.0
21
12650.0
31
10000.0
12
17500.0
22
12650.0
32
12000.0
13
16400.0
23
12380.0
33
12000.0
0
3DFACE
8
WALLS
10
17500.0
20
12650.0
30
0.0
11
18600.0
21
12920.0
31
0.0
12
18600.0
22
12920.0
32
2000.0
13
17500.0
23
12650.0
33
2000.0
0
3DFACE
8
WALLS
10
17500.0
20
12650.0
30
2000.0
11
18600.0
21
12920.0
31
2000.0
12
18600.0
22
12920.0
32
4000.0
13
17500.0
23
12650.0
33
4000.0
0
3DFACE
8
WALLS
10
17500.0
20
12650.0
30
4000.0
11
18600.0
21
12920.0
31
4000.0
12
18600.0
22
12920.0
32
6000.0
13
17500.0
23
12650.0
33
6000.0
0
3DFACE
8
WALLS
10
17500.0
20
12650.0
30
6000.0
11
18600.0
21
12920.0
31
6000.0
12
18600.0
22
12920.0
32
8000.0
13
17500.0
23
12650.0
33
8000.0
0
3DFACE
8
WALLS
10
17500.0
20
12650.0
30
8000.0
11
18600.0
21
12920.0
31
8000.0
12
18600.0
22
12920.0
32
10000.0
13
17500.0
23
12650.0
33
10000.0
0
3DFACE
8
WALLS
10
17500.0
20
12650.0
30
10000.0
11
18600.0
21
12920.0
31
10000.0
12
18600.0
22
12920.0
32
12000.0
13
17500.0
23
12650.0
33
12000.0
0
3DFACE
8
WALLS
10
18600.0
20
12920.0
30
0.0
11
19700.0
21
13190.0
31
0.0
12
19700.0
22
13190.0
32
2000.0
13
18600.0
23
12920.0
33
2000.0
0
3DFACE
8
WALLS
10
18600.0
20
12920.0
30
2000.0
11
19700.0
21
13190.0
31
2000.0
12
19700.0
22
13190.0
32
4000.0
13
18600.0
23
12920.0
33
4000.0
0
3DFACE
8
WALLS
10
18600.0
20
12920.0
30
4000.0
11
19700.0
21
13190.0
31
4000.0
12
19700.0
22
13190.0
32
6000.0
13
18600.0
23
12920.0
33
6000.0
0
3DFACE
8
WALLS
10
18600.0
20
12920.0
30
6000.0
11
19700.0
21
13190.0
31
6000.0
12
19700.0
22
13190.0
32
8000.0
13
18600.0
23
12920.0
33
8000.0
0
3DFACE
8
WALLS
10
18600.0
20
12920.0
30
8000.0
11
19700.0
21
13190.0
31
8000.0
12
19700.0
22
13190.0
32
10000.0
13
18600.0
23
12920.0
33
10000.0
0
3DFACE
8
WALLS
10
18600.0
20
12920.0
30
10000.0
11
19700.0
21
13190.0
31
10000.0
12
19700.0
22
13190.0
32
12000.0
13
18600.0
23
12920.0
33
12000.0
0
3DFACE
8
WALLS
10
19700.0
20
13190.0
30
0.0
11
20800.0
21
13460.0
31
0.0
12
20800.0
22
13460.0
32
2000.0
13
19700.0
23
13190.0
33
2000.0
0
3DFACE
8
WALLS
10
19700.0
20
13190.0
30
2000.0
11
20800.0
21
13460.0
31
2000.0
12
20800.0
22
13460.0
32
4000.0
13
19700.0
23
13190.0
33
4000.0
0
3DFACE
8
WALLS
10
19700.0
20
13190.0
30
4000.0
11
20800.0
21
13460.0
31
4000.0
12
20800.0
22
13460.0
32
6000.0
13
19700.0
23
13190.0
33
6000.0
0
3DFACE
8
WALLS
10
19700.0
20
13190.0
30
6000.0
11
20800.0
21
13460.0
31
6000.0
12
20800.0
22
13460.0
32
8000.0
13
19700.0
23
13190.0
33
8000.0
0
3DFACE
8
WALLS
10
19700.0
20
13190.0
30
8000.0
11
20800.0
21
13460.0
31
8000.0
12
20800.0
22
13460.0
32
10000.0
13
19700.0
23
13190.0
33
10000.0
0
3DFACE
8
WALLS
10
19700.0
20
13190.0
30
10000.0
11
20800.0
21
13460.0
31
10000.0
12
20800.0
22
13460.0
32
12000.0
13
19700.0
23
13190.0
33
12000.0
0
3DFACE
8
WALLS
10
20800.0
20
13460.0
30
0.0
11
21900.0
21
13730.0
31
0.0
12
21900.0
22
13730.0
32
2000.0
13
20800.0
23
13460.0
33
2000.0
0
3DFACE
8
WALLS
10
20800.0
20
13460.0
30
2000.0
11
21900.0
21
13730.0
31
2000.0
12
21900.0
22
13730.0
32
4000.0
13
20800.0
23
13460.0
33
4000.0
0
3DFACE
8
WALLS
10
20800.0
20
13460.0
30
4000.0
11
21900.0
21
13730.0
31
4000.0
12
21900.0
22
13730.0
32
6000.0
13
20800.0
23
13460.0
33
6000.0
0
3DFACE
8
WALLS
10
20800.0
20
13460.0
30
6000.0
11
21900.0
21
13730.0
31
6000.0
12
21900.0
22
13730.0
32
8000.0
13
20800.0
23
13460.0
33
8000.0
0
3DFACE
8
WALLS
10
20800.0
20
13460.0
30
8000.0
11
21900.0
21
13730.0
31
8000.0
12
21900.0
22
13730.0
32
10000.0
13
20800.0
23
13460.0
33
10000.0
0
3DFACE
8
WALLS
10
20800.0
20
13460.0
30
10000.0
11
21900.0
21
13730.0
31
10000.0
12
21900.0
22
13730.0
32
12000.0
13
20800.0
23
13460.0
33
12000.0
0
3DFACE
8
WALLS
10
21900.0
20
13730.0
30
0.0
11
23000.0
21
14000.0
31
0.0
12
23000.0
22
14000.0
32
2000.0
13
21900.0
23
13730.0
33
2000.0
0
3DFACE
8
WALLS
10
21900.0
20
13730.0
30
2000.0
11
23000.0
21
14000.0
31
2000.0
12
23000.0
22
14000.0
32
4000.0
13
21900.0
23
13730.0
33
4000.0
0
3DFACE
8
WALLS
10
21900.0
20
13730.0
30
4000.0
11
23000.0
21
14000.0
31
4000.0
12
23000.0
22
14000.0
32
6000.0
13
21900.0
23
13730.0
33
6000.0
0
3DFACE
8
WALLS
10
21900.0
20
13730.0
30
6000.0
11
23000.0
21
14000.0
31
6000.0
12
23000.0
22
14000.0
32
8000.0
13
21900.0
23
13730.0
33
8000.0
0
3DFACE
8
WALLS
10
21900.0
20
13730.0
30
8000.0
11
23000.0
21
14000.0
31
8000.0
12
23000.0
22
14000.0
32
10000.0
13
21900.0
23
13730.0
33
10000.0
0
3DFACE
8
WALLS
10
21900.0
20
13730.0
30
10000.0
11
23000.0
21
14000.0
31
10000.0
12
23000.0
22
14000.0
32
12000.0
13
21900.0
23
13730.0
33
12000.0
0
3DFACE
8
WALLS
10
23000.0
20
-14000.0
30
0.0
11
23000.0
21
-12000.0
31
0.0
12
23000.0
22
-12000.0
32
2000.0
13
23000.0
23
-14000.0
33
2000.0
0
3DFACE
8
WALLS
10
23000.0
20
-14000.0
30
2000.0
11
23000.0
21
-12000.0
31
2000.0
12
23000.0
22
-12000.0
32
4000.0
13
23000.0
23
-14000.0
33
4000.0
0
3DFACE
8
WALLS
10
23000.0
20
-14000.0
30
4000.0
11
23000.0
21
-12000.0
31
4000.0
12
23000.0
22
-12000.0
32
6000.0
13
23000.0
23
-14000.0
33
6000.0
0
3DFACE
8
WALLS
10
23000.0
20
-14000.0
30
6000.0
11
23000.0
21
-12000.0
31
6000.0
12
23000.0
22
-12000.0
32
8000.0
13
23000.0
23
-14000.0
33
8000.0
0
3DFACE
8
WALLS
10
23000.0
20
-14000.0
30
8000.0
11
23000.0
21
-12000.0
31
8000.0
12
23000.0
22
-12000.0
32
10000.0
13
23000.0
23
-14000.0
33
10000.0
0
3DFACE
8
WALLS
10
23000.0
20
-14000.0
30
10000.0
11
23000.0
21
-12000.0
31
10000.0
12
23000.0
22
-12000.0
32
12000.0
13
23000.0
23
-14000.0
33
12000.0
0
3DFACE
8
WALLS
10
23000.0
20
-12000.0
30
0.0
11
23000.0
21
-10000.0
31
0.0
12
23000.0
22
-10000.0
32
2000.0
13
23000.0
23
-12000.0
33
2000.0
0
3DFACE
8
WALLS
10
23000.0
20
-12000.0
30
2000.0
11
23000.0
21
-10000.0
31
2000.0
12
23000.0
22
-10000.0
32
4000.0
13
23000.0
23
-12000.0
33
4000.0
0
3DFACE
8
WALLS
10
23000.0
20
-12000.0
30
4000.0
11
23000.0
21
-10000.0
31
4000.0
12
23000.0
22
-10000.0
32
6000.0
13
23000.0
23
-12000.0
33
6000.0
0
3DFACE
8
WALLS
10
23000.0
20
-12000.0
30
6000.0
11
23000.0
21
-10000.0
31
6000.0
12
23000.0
22
-10000.0
32
8000.0
13
23000.0
23
-12000.0
33
8000.0
0
3DFACE
8
WALLS
10
23000.0
20
-12000.0
30
8000.0
11
23000.0
21
-10000.0
31
8000.0
12
23000.0
22
-10000.0
32
10000.0
13
23000.0
23
-12000.0
33
10000.0
0
3DFACE
8
WALLS
10
23000.0
20
-12000.0
30
10000.0
11
23000.0
21
-10000.0
31
10000.0
12
23000.0
22
-10000.0
32
12000.0
13
23000.0
23
-12000.0
33
12000.0
0
3DFACE
8
WALLS
10
23000.0
20
-10000.0
30
0.0
11
23000.0
21
-8000.0
31
0.0
12
23000.0
22
-8000.0
32
2000.0
13
23000.0
23
-10000.0
33
2000.0
0
3DFACE
8
WALLS
10
23000.0
20
-10000.0
30
2000.0
11
23000.0
21
-8000.0
31
2000.0
12
23000.0
22
-8000.0
32
4000.0
13
23000.0
23
-10000.0
33
4000.0
0
3DFACE
8
WALLS
10
23000.0
20
-10000.0
30
4000.0
11
23000.0
21
-8000.0
31
4000.0
12
23000.0
22
-8000.0
32
6000.0
13
23000.0
23
-10000.0
33
6000.0
0
3DFACE
8
WALLS
10
23000.0
20
-10000.0
30
6000.0
11
23000.0
21
-8000.0
31
6000.0
12
23000.0
22
-8000.0
32
8000.0
13
23000.0
23
-10000.0
33
8000.0
0
3DFACE
8
WALLS
10
23000.0
20
-10000.0
30
8000.0
11
23000.0
21
-8000.0
31
8000.0
12
23000.0
22
-8000.0
32
10000.0
13
23000.0
23
-10000.0
33
10000.0
0
3DFACE
8
WALLS
10
23000.0
20
-10000.0
30
10000.0
11
23000.0
21
-8000.0
31
10000.0
12
23000.0
22
-8000.0
32
12000.0
13
23000.0
23
-10000.0
33
12000.0
0
3DFACE
8
WALLS
10
23000.0
20
-8000.0
30
0.0
11
23000.0
21
-6000.0
31
0.0
12
23000.0
22
-6000.0
32
2000.0
13
23000.0
23
-8000.0
33
2000.0
0
3DFACE
8
WALLS
10
23000.0
20
-8000.0
30
2000.0
11
23000.0
21
-6000.0
31
2000.0
12
23000.0
22
-6000.0
32
4000.0
13
23000.0
23
-8000.0
33
4000.0
0
3DFACE
8
WALLS
10
23000.0
20
-8000.0
30
4000.0
11
23000.0
21
-6000.0
31
4000.0
12
23000.0
22
-6000.0
32
6000.0
13
23000.0
23
-8000.0
33
6000.0
0
3DFACE
8
WALLS
10
23000.0
20
-8000.0
30
6000.0
11
23000.0
21
-6000.0
31
6000.0
12
23000.0
22
-6000.0
32
8000.0
13
23000.0
23
-8000.0
33
8000.0
0
3DFACE
8
WALLS
10
23000.0
20
-8000.0
30
8000.0
11
23000.0
21
-6000.0
31
8000.0
12
23000.0
22
-6000.0
32
10000.0
13
23000.0
23
-8000.0
33
10000.0
0
3DFACE
8
WALLS
10
23000.0
20
-8000.0
30
10000.0
11
23000.0
21
-6000.0
31
10000.0
12
23000.0
22
-6000.0
32
12000.0
13
23000.0
23
-8000.0
33
12000.0
0
3DFACE
8
WALLS
10
23000.0
20
-6000.0
30
0.0
11
23000.0
21
-4000.0
31
0.0
12
23000.0
22
-4000.0
32
2000.0
13
23000.0
23
-6000.0
33
2000.0
0
3DFACE
8
WALLS
10
23000.0
20
-6000.0
30
2000.0
11
23000.0
21
-4000.0
31
2000.0
12
23000.0
22
-4000.0
32
4000.0
13
23000.0
23
-6000.0
33
4000.0
0
3DFACE
8
WALLS
10
23000.0
20
-6000.0
30
4000.0
11
23000.0
21
-4000.0
31
4000.0
12
23000.0
22
-4000.0
32
6000.0
13
23000.0
23
-6000.0
33
6000.0
0
3DFACE
8
WALLS
10
23000.0
20
-6000.0
30
6000.0
11
23000.0
21
-4000.0
31
6000.0
12
23000.0
22
-4000.0
32
8000.0
13
23000.0
23
-6000.0
33
8000.0
0
3DFACE
8
WALLS
10
23000.0
20
-6000.0
30
8000.0
11
23000.0
21
-4000.0
31
8000.0
12
23000.0
22
-4000.0
32
10000.0
13
23000.0
23
-6000.0
33
10000.0
0
3DFACE
8
WALLS
10
23000.0
20
-6000.0
30
10000.0
11
23000.0
21
-4000.0
31
10000.0
12
23000.0
22
-4000.0
32
12000.0
13
23000.0
23
-6000.0
33
12000.0
0
3DFACE
8
WALLS
10
23000.0
20
-4000.0
30
0.0
11
23000.0
21
-2000.0
31
0.0
12
23000.0
22
-2000.0
32
2000.0
13
23000.0
23
-4000.0
33
2000.0
0
3DFACE
8
WALLS
10
23000.0
20
-4000.0
30
2000.0
11
23000.0
21
-2000.0
31
2000.0
12
23000.0
22
-2000.0
32
4000.0
13
23000.0
23
-4000.0
33
4000.0
0
3DFACE
8
WALLS
10
23000.0
20
-4000.0
30
4000.0
11
23000.0
21
-2000.0
31
4000.0
12
23000.0
22
-2000.0
32
6000.0
13
23000.0
23
-4000.0
33
6000.0
0
3DFACE
8
WALLS
10
23000.0
20
-4000.0
30
6000.0
11
23000.0
21
-2000.0
31
6000.0
12
23000.0
22
-2000.0
32
8000.0
13
23000.0
23
-4000.0
33
8000.0
0
3DFACE
8
WALLS
10
23000.0
20
-4000.0
30
8000.0
11
23000.0
21
-2000.0
31
8000.0
12
23000.0
22
-2000.0
32
10000.0
13
23000.0
23
-4000.0
33
10000.0
0
3DFACE
8
WALLS
10
23000.0
20
-4000.0
30
10000.0
11
23000.0
21
-2000.0
31
10000.0
12
23000.0
22
-2000.0
32
12000.0
13
23000.0
23
-4000.0
33
12000.0
0
3DFACE
8
WALLS
10
23000.0
20
-2000.0
30
0.0
11
23000.0
21
0.0
31
0.0
12
23000.0
22
0.0
32
2000.0
13
23000.0
23
-2000.0
33
2000.0
0
3DFACE
8
WALLS
10
23000.0
20
-2000.0
30
2000.0
11
23000.0
21
0.0
31
2000.0
12
23000.0
22
0.0
32
4000.0
13
23000.0
23
-2000.0
33
4000.0
0
3DFACE
8
WALLS
10
23000.0
20
-2000.0
30
4000.0
11
23000.0
21
0.0
31
4000.0
12
23000.0
22
0.0
32
6000.0
13
23000.0
23
-2000.0
33
6000.0
0
3DFACE
8
WALLS
10
23000.0
20
-2000.0
30
6000.0
11
23000.0
21
0.0
31
6000.0
12
23000.0
22
0.0
32
8000.0
13
23000.0
23
-2000.0
33
8000.0
0
3DFACE
8
WALLS
10
23000.0
20
-2000.0
30
8000.0
11
23000.0
21
0.0
31
8000.0
12
23000.0
22
0.0
32
10000.0
13
23000.0
23
-2000.0
33
10000.0
0
3DFACE
8
WALLS
10
23000.0
20
-2000.0
30
10000.0
11
23000.0
21
0.0
31
10000.0
12
23000.0
22
0.0
32
12000.0
13
23000.0
23
-2000.0
33
12000.0
0
3DFACE
8
WALLS
10
23000.0
20
0.0
30
0.0
11
23000.0
21
2000.0
31
0.0
12
23000.0
22
2000.0
32
2000.0
13
23000.0
23
0.0
33
2000.0
0
3DFACE
8
WALLS
10
23000.0
20
0.0
30
2000.0
11
23000.0
21
2000.0
31
2000.0
12
23000.0
22
2000.0
32
4000.0
13
23000.0
23
0.0
33
4000.0
0
3DFACE
8
WALLS
10
23000.0
20
0.0
30
4000.0
11
23000.0
21
2000.0
31
4000.0
12
23000.0
22
2000.0
32
6000.0
13
23000.0
23
0.0
33
6000.0
0
3DFACE
8
WALLS
10
23000.0
20
0.0
30
6000.0
11
23000.0
21
2000.0
31
6000.0
12
23000.0
22
2000.0
32
8000.0
13
23000.0
23
0.0
33
8000.0
0
3DFACE
8
WALLS
10
23000.0
20
0.0
30
8000.0
11
23000.0
21
2000.0
31
8000.0
12
23000.0
22
2000.0
32
10000.0
13
23000.0
23
0.0
33
10000.0
0
3DFACE
8
WALLS
10
23000.0
20
0.0
30
10000.0
11
23000.0
21
2000.0
31
10000.0
12
23000.0
22
2000.0
32
12000.0
13
23000.0
23
0.0
33
12000.0
0
3DFACE
8
WALLS
10
23000.0
20
2000.0
30
0.0
11
23000.0
21
4000.0
31
0.0
12
23000.0
22
4000.0
32
2000.0
13
23000.0
23
2000.0
33
2000.0
0
3DFACE
8
WALLS
10
23000.0
20
2000.0
30
2000.0
11
23000.0
21
4000.0
31
2000.0
12
23000.0
22
4000.0
32
4000.0
13
23000.0
23
2000.0
33
4000.0
0
3DFACE
8
WALLS
10
23000.0
20
2000.0
30
4000.0
11
23000.0
21
4000.0
31
4000.0
12
23000.0
22
4000.0
32
6000.0
13
23000.0
23
2000.0
33
6000.0
0
3DFACE
8
WALLS
10
23000.0
20
2000.0
30
6000.0
11
23000.0
21
4000.0
31
6000.0
12
23000.0
22
4000.0
32
8000.0
13
23000.0
23
2000.0
33
8000.0
0
3DFACE
8
WALLS
10
23000.0
20
2000.0
30
8000.0
11
23000.0
21
4000.0
31
8000.0
12
23000.0
22
4000.0
32
10000.0
13
23000.0
23
2000.0
33
10000.0
0
3DFACE
8
WALLS
10
23000.0
20
2000.0
30
10000.0
11
23000.0
21
4000.0
31
10000.0
12
23000.0
22
4000.0
32
12000.0
13
23000.0
23
2000.0
33
12000.0
0
3DFACE
8
WALLS
10
23000.0
20
4000.0
30
0.0
11
23000.0
21
6000.0
31
0.0
12
23000.0
22
6000.0
32
2000.0
13
23000.0
23
4000.0
33
2000.0
0
3DFACE
8
WALLS
10
23000.0
20
4000.0
30
2000.0
11
23000.0
21
6000.0
31
2000.0
12
23000.0
22
6000.0
32
4000.0
13
23000.0
23
4000.0
33
4000.0
0
3DFACE
8
WALLS
10
23000.0
20
4000.0
30
4000.0
11
23000.0
21
6000.0
31
4000.0
12
23000.0
22
6000.0
32
6000.0
13
23000.0
23
4000.0
33
6000.0
0
3DFACE
8
WALLS
10
23000.0
20
4000.0
30
6000.0
11
23000.0
21
6000.0
31
6000.0
12
23000.0
22
6000.0
32
8000.0
13
23000.0
23
4000.0
33
8000.0
0
3DFACE
8
WALLS
10
23000.0
20
4000.0
30
8000.0
11
23000.0
21
6000.0
31
8000.0
12
23000.0
22
6000.0
32
10000.0
13
23000.0
23
4000.0
33
10000.0
0
3DFACE
8
WALLS
10
23000.0
20
4000.0
30
10000.0
11
23000.0
21
6000.0
31
10000.0
12
23000.0
22
6000.0
32
12000.0
13
23000.0
23
4000.0
33
12000.0
0
3DFACE
8
WALLS
10
23000.0
20
6000.0
30
0.0
11
23000.0
21
8000.0
31
0.0
12
23000.0
22
8000.0
32
2000.0
13
23000.0
23
6000.0
33
2000.0
0
3DFACE
8
WALLS
10
23000.0
20
6000.0
30
2000.0
11
23000.0
21
8000.0
31
2000.0
12
23000.0
22
8000.0
32
4000.0
13
23000.0
23
6000.0
33
4000.0
0
3DFACE
8
WALLS
10
23000.0
20
6000.0
30
4000.0
11
23000.0
21
8000.0
31
4000.0
12
23000.0
22
8000.0
32
6000.0
13
23000.0
23
6000.0
33
6000.0
0
3DFACE
8
WALLS
10
23000.0
20
6000.0
30
6000.0
11
23000.0
21
8000.0
31
6000.0
12
23000.0
22
8000.0
32
8000.0
13
23000.0
23
6000.0
33
8000.0
0
3DFACE
8
WALLS
10
23000.0
20
6000.0
30
8000.0
11
23000.0
21
8000.0
31
8000.0
12
23000.0
22
8000.0
32
10000.0
13
23000.0
23
6000.0
33
10000.0
0
3DFACE
8
WALLS
10
23000.0
20
6000.0
30
10000.0
11
23000.0
21
8000.0
31
10000.0
12
23000.0
22
8000.0
32
12000.0
13
23000.0
23
6000.0
33
12000.0
0
3DFACE
8
WALLS
10
23000.0
20
8000.0
30
0.0
11
23000.0
21
10000.0
31
0.0
12
23000.0
22
10000.0
32
2000.0
13
23000.0
23
8000.0
33
2000.0
0
3DFACE
8
WALLS
10
23000.0
20
8000.0
30
2000.0
11
23000.0
21
10000.0
31
2000.0
12
23000.0
22
10000.0
32
4000.0
13
23000.0
23
8000.0
33
4000.0
0
3DFACE
8
WALLS
10
23000.0
20
8000.0
30
4000.0
11
23000.0
21
10000.0
31
4000.0
12
23000.0
22
10000.0
32
6000.0
13
23000.0
23
8000.0
33
6000.0
0
3DFACE
8
WALLS
10
23000.0
20
8000.0
30
6000.0
11
23000.0
21
10000.0
31
6000.0
12
23000.0
22
10000.0
32
8000.0
13
23000.0
23
8000.0
33
8000.0
0
3DFACE
8
WALLS
10
23000.0
20
8000.0
30
8000.0
11
23000.0
21
10000.0
31
8000.0
12
23000.0
22
10000.0
32
10000.0
13
23000.0
23
8000.0
33
10000.0
0
3DFACE
8
WALLS
10
23000.0
20
8000.0
30
10000.0
11
23000.0
21
10000.0
31
10000.0
12
23000.0
22
10000.0
32
12000.0
13
23000.0
23
8000.0
33
12000.0
0
3DFACE
8
WALLS
10
23000.0
20
10000.0
30
0.0
11
23000.0
21
12000.0
31
0.0
12
23000.0
22
12000.0
32
2000.0
13
23000.0
23
10000.0
33
2000.0
0
3DFACE
8
WALLS
10
23000.0
20
10000.0
30
2000.0
11
23000.0
21
12000.0
31
2000.0
12
23000.0
22
12000.0
32
4000.0
13
23000.0
23
10000.0
33
4000.0
0
3DFACE
8
WALLS
10
23000.0
20
10000.0
30
4000.0
11
23000.0
21
12000.0
31
4000.0
12
23000.0
22
12000.0
32
6000.0
13
23000.0
23
10000.0
33
6000.0
0
3DFACE
8
WALLS
10
23000.0
20
10000.0
30
6000.0
11
23000.0
21
12000.0
31
6000.0
12
23000.0
22
12000.0
32
8000.0
13
23000.0
23
10000.0
33
8000.0
0
3DFACE
8
WALLS
10
23000.0
20
10000.0
30
8000.0
11
23000.0
21
12000.0
31
8000.0
12
23000.0
22
12000.0
32
10000.0
13
23000.0
23
10000.0
33
10000.0
0
3DFACE
8
WALLS
10
23000.0
20
10000.0
30
10000.0
11
23000.0
21
12000.0
31
10000.0
12
23000.0
22
12000.0
32
12000.0
13
23000.0
23
10000.0
33
12000.0
0
3DFACE
8
WALLS
10
23000.0
20
12000.0
30
0.0
11
23000.0
21
14000.0
31
0.0
12
23000.0
22
14000.0
32
2000.0
13
23000.0
23
12000.0
33
2000.0
0
3DFACE
8
WALLS
10
23000.0
20
12000.0
30
2000.0
11
23000.0
21
14000.0
31
2000.0
12
23000.0
22
14000.0
32
4000.0
13
23000.0
23
12000.0
33
4000.0
0
3DFACE
8
WALLS
10
23000.0
20
12000.0
30
4000.0
11
23000.0
21
14000.0
31
4000.0
12
23000.0
22
14000.0
32
6000.0
13
23000.0
23
12000.0
33
6000.0
0
3DFACE
8
WALLS
10
23000.0
20
12000.0
30
6000.0
11
23000.0
21
14000.0
31
6000.0
12
23000.0
22
14000.0
32
8000.0
13
23000.0
23
12000.0
33
8000.0
0
3DFACE
8
WALLS
10
23000.0
20
12000.0
30
8000.0
11
23000.0
21
14000.0
31
8000.0
12
23000.0
22
14000.0
32
10000.0
13
23000.0
23
12000.0
33
10000.0
0
3DFACE
8
WALLS
10
23000.0
20
12000.0
30
10000.0
11
23000.0
21
14000.0
31
10000.0
12
23000.0
22
14000.0
32
12000.0
13
23000.0
23
12000.0
33
12000.0
0
3DFACE
8
CEILING
10
-12000.0
20
-14000.0
30
12000.0
11
-10250.0
21
-14000.0
31
12000.0
12
-10250.0
22
-12250.0
32
12351.2
13
-12000.0
23
-12250.0
33
12351.2
0
3DFACE
8
CEILING
10
-12000.0
20
-12250.0
30
12351.2
11
-10250.0
21
-12250.0
31
12351.2
12
-10250.0
22
-10500.0
32
12688.8
13
-12000.0
23
-10500.0
33
12688.8
0
3DFACE
8
CEILING
10
-12000.0
20
-10500.0
30
12688.8
11
-10250.0
21
-10500.0
31
12688.8
12
-10250.0
22
-8750.0
32
13000.0
13
-12000.0
23
-8750.0
33
13000.0
0
3DFACE
8
CEILING
10
-12000.0
20
-8750.0
30
13000.0
11
-10250.0
21
-8750.0
31
13000.0
12
-10250.0
22
-7000.0
32
13272.8
13
-12000.0
23
-7000.0
33
13272.8
0
3DFACE
8
CEILING
10
-12000.0
20
-7000.0
30
13272.8
11
-10250.0
21
-7000.0
31
13272.8
12
-10250.0
22
-5250.0
32
13496.6
13
-12000.0
23
-5250.0
33
13496.6
0
3DFACE
8
CEILING
10
-12000.0
20
-5250.0
30
13496.6
11
-10250.0
21
-5250.0
31
13496.6
12
-10250.0
22
-3500.0
32
13663.0
13
-12000.0
23
-3500.0
33
13663.0
0
3DFACE
8
CEILING
10
-12000.0
20
-3500.0
30
13663.0
11
-10250.0
21
-3500.0
31
13663.0
12
-10250.0
22
-1750.0
32
13765.4
13
-12000.0
23
-1750.0
33
13765.4
0
3DFACE
8
CEILING
10
-12000.0
20
-1750.0
30
13765.4
11
-10250.0
21
-1750.0
31
13765.4
12
-10250.0
22
0.0
32
13800.0
13
-12000.0
23
0.0
33
13800.0
0
3DFACE
8
CEILING
10
-12000.0
20
0.0
30
13800.0
11
-10250.0
21
0.0
31
13800.0
12
-10250.0
22
1750.0
32
13765.4
13
-12000.0
23
1750.0
33
13765.4
0
3DFACE
8
CEILING
10
-12000.0
20
1750.0
30
13765.4
11
-10250.0
21
1750.0
31
13765.4
12
-10250.0
22
3500.0
32
13663.0
13
-12000.0
23
3500.0
33
13663.0
0
3DFACE
8
CEILING
10
-12000.0
20
3500.0
30
13663.0
11
-10250.0
21
3500.0
31
13663.0
12
-10250.0
22
5250.0
32
13496.6
13
-12000.0
23
5250.0
33
13496.6
0
3DFACE
8
CEILING
10
-12000.0
20
5250.0
30
13496.6
11
-10250.0
21
5250.0
31
13496.6
12
-10250.0
22
7000.0
32
13272.8
13
-12000.0
23
7000.0
33
13272.8
0
3DFACE
8
CEILING
10
-12000.0
20
7000.0
30
13272.8
11
-10250.0
21
7000.0
31
13272.8
12
-10250.0
22
8750.0
32
13000.0
13
-12000.0
23
8750.0
33
13000.0
0
3DFACE
8
CEILING
10
-12000.0
20
8750.0
30
13000.0
11
-10250.0
21
8750.0
31
13000.0
12
-10250.0
22
10500.0
32
12688.8
13
-12000.0
23
10500.0
33
12688.8
0
3DFACE
8
CEILING
10
-12000.0
20
10500.0
30
12688.8
11
-10250.0
21
10500.0
31
12688.8
12
-10250.0
22
12250.0
32
12351.2
13
-12000.0
23
12250.0
33
12351.2
0
3DFACE
8
CEILING
10
-12000.0
20
12250.0
30
12351.2
11
-10250.0
21
12250.0
31
12351.2
12
-10250.0
22
14000.0
32
12000.0
13
-12000.0
23
14000.0
33
12000.0
0
3DFACE
8
CEILING
10
-10250.0
20
-14000.0
30
12000.0
11
-8500.0
21
-14000.0
31
12000.0
12
-8500.0
22
-12250.0
32
12351.2
13
-10250.0
23
-12250.0
33
12351.2
0
3DFACE
8
CEILING
10
-10250.0
20
-12250.0
30
12351.2
11
-8500.0
21
-12250.0
31
12351.2
12
-8500.0
22
-10500.0
32
12688.8
13
-10250.0
23
-10500.0
33
12688.8
0
3DFACE
8
CEILING
10
-10250.0
20
-10500.0
30
12688.8
11
-8500.0
21
-10500.0
31
12688.8
12
-8500.0
22
-8750.0
32
13000.0
13
-10250.0
23
-8750.0
33
13000.0
0
3DFACE
8
CEILING
10
-10250.0
20
-8750.0
30
13000.0
11
-8500.0
21
-8750.0
31
13000.0
12
-8500.0
22
-7000.0
32
13272.8
13
-10250.0
23
-7000.0
33
13272.8
0
3DFACE
8
CEILING
10
-10250.0
20
-7000.0
30
13272.8
11
-8500.0
21
-7000.0
31
13272.8
12
-8500.0
22
-5250.0
32
13496.6
13
-10250.0
23
-5250.0
33
13496.6
0
3DFACE
8
CEILING
10
-10250.0
20
-5250.0
30
13496.6
11
-8500.0
21
-5250.0
31
13496.6
12
-8500.0
22
-3500.0
32
13663.0
13
-10250.0
23
-3500.0
33
13663.0
0
3DFACE
8
CEILING
10
-10250.0
20
-3500.0
30
13663.0
11
-8500.0
21
-3500.0
31
13663.0
12
-8500.0
22
-1750.0
32
13765.4
13
-10250.0
23
-1750.0
33
13765.4
0
3DFACE
8
CEILING
10
-10250.0
20
-1750.0
30
13765.4
11
-8500.0
21
-1750.0
31
13765.4
12
-8500.0
22
0.0
32
13800.0
13
-10250.0
23
0.0
33
13800.0
0
3DFACE
8
CEILING
10
-10250.0
20
0.0
30
13800.0
11
-8500.0
21
0.0
31
13800.0
12
-8500.0
22
1750.0
32
13765.4
13
-10250.0
23
1750.0
33
13765.4
0
3DFACE
8
CEILING
10
-10250.0
20
1750.0
30
13765.4
11
-8500.0
21
1750.0
31
13765.4
12
-8500.0
22
3500.0
32
13663.0
13
-10250.0
23
3500.0
33
13663.0
0
3DFACE
8
CEILING
10
-10250.0
20
3500.0
30
13663.0
11
-8500.0
21
3500.0
31
13663.0
12
-8500.0
22
5250.0
32
13496.6
13
-10250.0
23
5250.0
33
13496.6
0
3DFACE
8
CEILING
10
-10250.0
20
5250.0
30
13496.6
11
-8500.0
21
5250.0
31
13496.6
12
-8500.0
22
7000.0
32
13272.8
13
-10250.0
23
7000.0
33
13272.8
0
3DFACE
8
CEILING
10
-10250.0
20
7000.0
30
13272.8
11
-8500.0
21
7000.0
31
13272.8
12
-8500.0
22
8750.0
32
13000.0
13
-10250.0
23
8750.0
33
13000.0
0
3DFACE
8
CEILING
10
-10250.0
20
8750.0
30
13000.0
11
-8500.0
21
8750.0
31
13000.0
12
-8500.0
22
10500.0
32
12688.8
13
-10250.0
23
10500.0
33
12688.8
0
3DFACE
8
CEILING
10
-10250.0
20
10500.0
30
12688.8
11
-8500.0
21
10500.0
31
12688.8
12
-8500.0
22
12250.0
32
12351.2
13
-10250.0
23
12250.0
33
12351.2
0
3DFACE
8
CEILING
10
-10250.0
20
12250.0
30
12351.2
11
-8500.0
21
12250.0
31
12351.2
12
-8500.0
22
14000.0
32
12000.0
13
-10250.0
23
14000.0
33
12000.0
0
3DFACE
8
CEILING
10
-8500.0
20
-14000.0
30
12000.0
11
-6750.0
21
-14000.0
31
12000.0
12
-6750.0
22
-12250.0
32
12351.2
13
-8500.0
23
-12250.0
33
12351.2
0
3DFACE
8
CEILING
10
-8500.0
20
-12250.0
30
12351.2
11
-6750.0
21
-12250.0
31
12351.2
12
-6750.0
22
-10500.0
32
12688.8
13
-8500.0
23
-10500.0
33
12688.8
0
3DFACE
8
CEILING
10
-8500.0
20
-10500.0
30
12688.8
11
-6750.0
21
-10500.0
31
12688.8
12
-6750.0
22
-8750.0
32
13000.0
13
-8500.0
23
-8750.0
33
13000.0
0
3DFACE
8
CEILING
10
-8500.0
20
-8750.0
30
13000.0
11
-6750.0
21
-8750.0
31
13000.0
12
-6750.0
22
-7000.0
32
13272.8
13
-8500.0
23
-7000.0
33
13272.8
0
3DFACE
8
CEILING
10
-8500.0
20
-7000.0
30
13272.8
11
-6750.0
21
-7000.0
31
13272.8
12
-6750.0
22
-5250.0
32
13496.6
13
-8500.0
23
-5250.0
33
13496.6
0
3DFACE
8
CEILING
10
-8500.0
20
-5250.0
30
13496.6
11
-6750.0
21
-5250.0
31
13496.6
12
-6750.0
22
-3500.0
32
13663.0
13
-8500.0
23
-3500.0
33
13663.0
0
3DFACE
8
CEILING
10
-8500.0
20
-3500.0
30
13663.0
11
-6750.0
21
-3500.0
31
13663.0
12
-6750.0
22
-1750.0
32
13765.4
13
-8500.0
23
-1750.0
33
13765.4
0
3DFACE
8
CEILING
10
-8500.0
20
-1750.0
30
13765.4
11
-6750.0
21
-1750.0
31
13765.4
12
-6750.0
22
0.0
32
13800.0
13
-8500.0
23
0.0
33
13800.0
0
3DFACE
8
CEILING
10
-8500.0
20
0.0
30
13800.0
11
-6750.0
21
0.0
31
13800.0
12
-6750.0
22
1750.0
32
13765.4
13
-8500.0
23
1750.0
33
13765.4
0
3DFACE
8
CEILING
10
-8500.0
20
1750.0
30
13765.4
11
-6750.0
21
1750.0
31
13765.4
12
-6750.0
22
3500.0
32
13663.0
13
-8500.0
23
3500.0
33
13663.0
0
3DFACE
8
CEILING
10
-8500.0
20
3500.0
30
13663.0
11
-6750.0
21
3500.0
31
13663.0
12
-6750.0
22
5250.0
32
13496.6
13
-8500.0
23
5250.0
33
13496.6
0
3DFACE
8
CEILING
10
-8500.0
20
5250.0
30
13496.6
11
-6750.0
21
5250.0
31
13496.6
12
-6750.0
22
7000.0
32
13272.8
13
-8500.0
23
7000.0
33
13272.8
0
3DFACE
8
CEILING
10
-8500.0
20
7000.0
30
13272.8
11
-6750.0
21
7000.0
31
13272.8
12
-6750.0
22
8750.0
32
13000.0
13
-8500.0
23
8750.0
33
13000.0
0
3DFACE
8
CEILING
10
-8500.0
20
8750.0
30
13000.0
11
-6750.0
21
8750.0
31
13000.0
12
-6750.0
22
10500.0
32
12688.8
13
-8500.0
23
10500.0
33
12688.8
0
3DFACE
8
CEILING
10
-8500.0
20
10500.0
30
12688.8
11
-6750.0
21
10500.0
31
12688.8
12
-6750.0
22
12250.0
32
12351.2
13
-8500.0
23
12250.0
33
12351.2
0
3DFACE
8
CEILING
10
-8500.0
20
12250.0
30
12351.2
11
-6750.0
21
12250.0
31
12351.2
12
-6750.0
22
14000.0
32
12000.0
13
-8500.0
23
14000.0
33
12000.0
0
3DFACE
8
CEILING
10
-6750.0
20
-14000.0
30
12000.0
11
-5000.0
21
-14000.0
31
12000.0
12
-5000.0
22
-12250.0
32
12351.2
13
-6750.0
23
-12250.0
33
12351.2
0
3DFACE
8
CEILING
10
-6750.0
20
-12250.0
30
12351.2
11
-5000.0
21
-12250.0
31
12351.2
12
-5000.0
22
-10500.0
32
12688.8
13
-6750.0
23
-10500.0
33
12688.8
0
3DFACE
8
CEILING
10
-6750.0
20
-10500.0
30
12688.8
11
-5000.0
21
-10500.0
31
12688.8
12
-5000.0
22
-8750.0
32
13000.0
13
-6750.0
23
-8750.0
33
13000.0
0
3DFACE
8
CEILING
10
-6750.0
20
-8750.0
30
13000.0
11
-5000.0
21
-8750.0
31
13000.0
12
-5000.0
22
-7000.0
32
13272.8
13
-6750.0
23
-7000.0
33
13272.8
0
3DFACE
8
CEILING
10
-6750.0
20
-7000.0
30
13272.8
11
-5000.0
21
-7000.0
31
13272.8
12
-5000.0
22
-5250.0
32
13496.6
13
-6750.0
23
-5250.0
33
13496.6
0
3DFACE
8
CEILING
10
-6750.0
20
-5250.0
30
13496.6
11
-5000.0
21
-5250.0
31
13496.6
12
-5000.0
22
-3500.0
32
13663.0
13
-6750.0
23
-3500.0
33
13663.0
0
3DFACE
8
CEILING
10
-6750.0
20
-3500.0
30
13663.0
11
-5000.0
21
-3500.0
31
13663.0
12
-5000.0
22
-1750.0
32
13765.4
13
-6750.0
23
-1750.0
33
13765.4
0
3DFACE
8
CEILING
10
-6750.0
20
-1750.0
30
13765.4
11
-5000.0
21
-1750.0
31
13765.4
12
-5000.0
22
0.0
32
13800.0
13
-6750.0
23
0.0
33
13800.0
0
3DFACE
8
CEILING
10
-6750.0
20
0.0
30
13800.0
11
-5000.0
21
0.0
31
13800.0
12
-5000.0
22
1750.0
32
13765.4
13
-6750.0
23
1750.0
33
13765.4
0
3DFACE
8
CEILING
10
-6750.0
20
1750.0
30
13765.4
11
-5000.0
21
1750.0
31
13765.4
12
-5000.0
22
3500.0
32
13663.0
13
-6750.0
23
3500.0
33
13663.0
0
3DFACE
8
CEILING
10
-6750.0
20
3500.0
30
13663.0
11
-5000.0
21
3500.0
31
13663.0
12
-5000.0
22
5250.0
32
13496.6
13
-6750.0
23
5250.0
33
13496.6
0
3DFACE
8
CEILING
10
-6750.0
20
5250.0
30
13496.6
11
-5000.0
21
5250.0
31
13496.6
12
-5000.0
22
7000.0
32
13272.8
13
-6750.0
23
7000.0
33
13272.8
0
3DFACE
8
CEILING
10
-6750.0
20
7000.0
30
13272.8
11
-5000.0
21
7000.0
31
13272.8
12
-5000.0
22
8750.0
32
13000.0
13
-6750.0
23
8750.0
33
13000.0
0
3DFACE
8
CEILING
10
-6750.0
20
8750.0
30
13000.0
11
-5000.0
21
8750.0
31
13000.0
12
-5000.0
22
10500.0
32
12688.8
13
-6750.0
23
10500.0
33
12688.8
0
3DFACE
8
CEILING
10
-6750.0
20
10500.0
30
12688.8
11
-5000.0
21
10500.0
31
12688.8
12
-5000.0
22
12250.0
32
12351.2
13
-6750.0
23
12250.0
33
12351.2
0
3DFACE
8
CEILING
10
-6750.0
20
12250.0
30
12351.2
11
-5000.0
21
12250.0
31
12351.2
12
-5000.0
22
14000.0
32
12000.0
13
-6750.0
23
14000.0
33
12000.0
0
3DFACE
8
CEILING
10
-5000.0
20
-14000.0
30
12000.0
11
-3250.0
21
-14000.0
31
12000.0
12
-3250.0
22
-12250.0
32
12351.2
13
-5000.0
23
-12250.0
33
12351.2
0
3DFACE
8
CEILING
10
-5000.0
20
-12250.0
30
12351.2
11
-3250.0
21
-12250.0
31
12351.2
12
-3250.0
22
-10500.0
32
12688.8
13
-5000.0
23
-10500.0
33
12688.8
0
3DFACE
8
CEILING
10
-5000.0
20
-10500.0
30
12688.8
11
-3250.0
21
-10500.0
31
12688.8
12
-3250.0
22
-8750.0
32
13000.0
13
-5000.0
23
-8750.0
33
13000.0
0
3DFACE
8
CEILING
10
-5000.0
20
-8750.0
30
13000.0
11
-3250.0
21
-8750.0
31
13000.0
12
-3250.0
22
-7000.0
32
13272.8
13
-5000.0
23
-7000.0
33
13272.8
0
3DFACE
8
CEILING
10
-5000.0
20
-7000.0
30
13272.8
11
-3250.0
21
-7000.0
31
13272.8
12
-3250.0
22
-5250.0
32
13496.6
13
-5000.0
23
-5250.0
33
13496.6
0
3DFACE
8
CEILING
10
-5000.0
20
-5250.0
30
13496.6
11
-3250.0
21
-5250.0
31
13496.6
12
-3250.0
22
-3500.0
32
13663.0
13
-5000.0
23
-3500.0
33
13663.0
0
3DFACE
8
CEILING
10
-5000.0
20
-3500.0
30
13663.0
11
-3250.0
21
-3500.0
31
13663.0
12
-3250.0
22
-1750.0
32
13765.4
13
-5000.0
23
-1750.0
33
13765.4
0
3DFACE
8
CEILING
10
-5000.0
20
-1750.0
30
13765.4
11
-3250.0
21
-1750.0
31
13765.4
12
-3250.0
22
0.0
32
13800.0
13
-5000.0
23
0.0
33
13800.0
0
3DFACE
8
CEILING
10
-5000.0
20
0.0
30
13800.0
11
-3250.0
21
0.0
31
13800.0
12
-3250.0
22
1750.0
32
13765.4
13
-5000.0
23
1750.0
33
13765.4
0
3DFACE
8
CEILING
10
-5000.0
20
1750.0
30
13765.4
11
-3250.0
21
1750.0
31
13765.4
12
-3250.0
22
3500.0
32
13663.0
13
-5000.0
23
3500.0
33
13663.0
0
3DFACE
8
CEILING
10
-5000.0
20
3500.0
30
13663.0
11
-3250.0
21
3500.0
31
13663.0
12
-3250.0
22
5250.0
32
13496.6
13
-5000.0
23
5250.0
33
13496.6
0
3DFACE
8
CEILING
10
-5000.0
20
5250.0
30
13496.6
11
-3250.0
21
5250.0
31
13496.6
12
-3250.0
22
7000.0
32
13272.8
13
-5000.0
23
7000.0
33
13272.8
0
3DFACE
8
CEILING
10
-5000.0
20
7000.0
30
13272.8
11
-3250.0
21
7000.0
31
13272.8
12
-3250.0
22
8750.0
32
13000.0
13
-5000.0
23
8750.0
33
13000.0
0
3DFACE
8
CEILING
10
-5000.0
20
8750.0
30
13000.0
11
-3250.0
21
8750.0
31
13000.0
12
-3250.0
22
10500.0
32
12688.8
13
-5000.0
23
10500.0
33
12688.8
0
3DFACE
8
CEILING
10
-5000.0
20
10500.0
30
12688.8
11
-3250.0
21
10500.0
31
12688.8
12
-3250.0
22
12250.0
32
12351.2
13
-5000.0
23
12250.0
33
12351.2
0
3DFACE
8
CEILING
10
-5000.0
20
12250.0
30
12351.2
11
-3250.0
21
12250.0
31
12351.2
12
-3250.0
22
14000.0
32
12000.0
13
-5000.0
23
14000.0
33
12000.0
0
3DFACE
8
CEILING
10
-3250.0
20
-14000.0
30
12000.0
11
-1500.0
21
-14000.0
31
12000.0
12
-1500.0
22
-12250.0
32
12351.2
13
-3250.0
23
-12250.0
33
12351.2
0
3DFACE
8
CEILING
10
-3250.0
20
-12250.0
30
12351.2
11
-1500.0
21
-12250.0
31
12351.2
12
-1500.0
22
-10500.0
32
12688.8
13
-3250.0
23
-10500.0
33
12688.8
0
3DFACE
8
CEILING
10
-3250.0
20
-10500.0
30
12688.8
11
-1500.0
21
-10500.0
31
12688.8
12
-1500.0
22
-8750.0
32
13000.0
13
-3250.0
23
-8750.0
33
13000.0
0
3DFACE
8
CEILING
10
-3250.0
20
-8750.0
30
13000.0
11
-1500.0
21
-8750.0
31
13000.0
12
-1500.0
22
-7000.0
32
13272.8
13
-3250.0
23
-7000.0
33
13272.8
0
3DFACE
8
CEILING
10
-3250.0
20
-7000.0
30
13272.8
11
-1500.0
21
-7000.0
31
13272.8
12
-1500.0
22
-5250.0
32
13496.6
13
-3250.0
23
-5250.0
33
13496.6
0
3DFACE
8
CEILING
10
-3250.0
20
-5250.0
30
13496.6
11
-1500.0
21
-5250.0
31
13496.6
12
-1500.0
22
-3500.0
32
13663.0
13
-3250.0
23
-3500.0
33
13663.0
0
3DFACE
8
CEILING
10
-3250.0
20
-3500.0
30
13663.0
11
-1500.0
21
-3500.0
31
13663.0
12
-1500.0
22
-1750.0
32
13765.4
13
-3250.0
23
-1750.0
33
13765.4
0
3DFACE
8
CEILING
10
-3250.0
20
-1750.0
30
13765.4
11
-1500.0
21
-1750.0
31
13765.4
12
-1500.0
22
0.0
32
13800.0
13
-3250.0
23
0.0
33
13800.0
0
3DFACE
8
CEILING
10
-3250.0
20
0.0
30
13800.0
11
-1500.0
21
0.0
31
13800.0
12
-1500.0
22
1750.0
32
13765.4
13
-3250.0
23
1750.0
33
13765.4
0
3DFACE
8
CEILING
10
-3250.0
20
1750.0
30
13765.4
11
-1500.0
21
1750.0
31
13765.4
12
-1500.0
22
3500.0
32
13663.0
13
-3250.0
23
3500.0
33
13663.0
0
3DFACE
8
CEILING
10
-3250.0
20
3500.0
30
13663.0
11
-1500.0
21
3500.0
31
13663.0
12
-1500.0
22
5250.0
32
13496.6
13
-3250.0
23
5250.0
33
13496.6
0
3DFACE
8
CEILING
10
-3250.0
20
5250.0
30
13496.6
11
-1500.0
21
5250.0
31
13496.6
12
-1500.0
22
7000.0
32
13272.8
13
-3250.0
23
7000.0
33
13272.8
0
3DFACE
8
CEILING
10
-3250.0
20
7000.0
30
13272.8
11
-1500.0
21
7000.0
31
13272.8
12
-1500.0
22
8750.0
32
13000.0
13
-3250.0
23
8750.0
33
13000.0
0
3DFACE
8
CEILING
10
-3250.0
20
8750.0
30
13000.0
11
-1500.0
21
8750.0
31
13000.0
12
-1500.0
22
10500.0
32
12688.8
13
-3250.0
23
10500.0
33
12688.8
0
3DFACE
8
CEILING
10
-3250.0
20
10500.0
30
12688.8
11
-1500.0
21
10500.0
31
12688.8
12
-1500.0
22
12250.0
32
12351.2
13
-3250.0
23
12250.0
33
12351.2
0
3DFACE
8
CEILING
10
-3250.0
20
12250.0
30
12351.2
11
-1500.0
21
12250.0
31
12351.2
12
-1500.0
22
14000.0
32
12000.0
13
-3250.0
23
14000.0
33
12000.0
0
3DFACE
8
CEILING
10
-1500.0
20
-14000.0
30
12000.0
11
250.0
21
-14000.0
31
12000.0
12
250.0
22
-12250.0
32
12351.2
13
-1500.0
23
-12250.0
33
12351.2
0
3DFACE
8
CEILING
10
-1500.0
20
-12250.0
30
12351.2
11
250.0
21
-12250.0
31
12351.2
12
250.0
22
-10500.0
32
12688.8
13
-1500.0
23
-10500.0
33
12688.8
0
3DFACE
8
CEILING
10
-1500.0
20
-10500.0
30
12688.8
11
250.0
21
-10500.0
31
12688.8
12
250.0
22
-8750.0
32
13000.0
13
-1500.0
23
-8750.0
33
13000.0
0
3DFACE
8
CEILING
10
-1500.0
20
-8750.0
30
13000.0
11
250.0
21
-8750.0
31
13000.0
12
250.0
22
-7000.0
32
13272.8
13
-1500.0
23
-7000.0
33
13272.8
0
3DFACE
8
CEILING
10
-1500.0
20
-7000.0
30
13272.8
11
250.0
21
-7000.0
31
13272.8
12
250.0
22
-5250.0
32
13496.6
13
-1500.0
23
-5250.0
33
13496.6
0
3DFACE
8
CEILING
10
-1500.0
20
-5250.0
30
13496.6
11
250.0
21
-5250.0
31
13496.6
12
250.0
22
-3500.0
32
13663.0
13
-1500.0
23
-3500.0
33
13663.0
0
3DFACE
8
CEILING
10
-1500.0
20
-3500.0
30
13663.0
11
250.0
21
-3500.0
31
13663.0
12
250.0
22
-1750.0
32
13765.4
13
-1500.0
23
-1750.0
33
13765.4
0
3DFACE
8
CEILING
10
-1500.0
20
-1750.0
30
13765.4
11
250.0
21
-1750.0
31
13765.4
12
250.0
22
0.0
32
13800.0
13
-1500.0
23
0.0
33
13800.0
0
3DFACE
8
CEILING
10
-1500.0
20
0.0
30
13800.0
11
250.0
21
0.0
31
13800.0
12
250.0
22
1750.0
32
13765.4
13
-1500.0
23
1750.0
33
13765.4
0
3DFACE
8
CEILING
10
-1500.0
20
1750.0
30
13765.4
11
250.0
21
1750.0
31
13765.4
12
250.0
22
3500.0
32
13663.0
13
-1500.0
23
3500.0
33
13663.0
0
3DFACE
8
CEILING
10
-1500.0
20
3500.0
30
13663.0
11
250.0
21
3500.0
31
13663.0
12
250.0
22
5250.0
32
13496.6
13
-1500.0
23
5250.0
33
13496.6
0
3DFACE
8
CEILING
10
-1500.0
20
5250.0
30
13496.6
11
250.0
21
5250.0
31
13496.6
12
250.0
22
7000.0
32
13272.8
13
-1500.0
23
7000.0
33
13272.8
0
3DFACE
8
CEILING
10
-1500.0
20
7000.0
30
13272.8
11
250.0
21
7000.0
31
13272.8
12
250.0
22
8750.0
32
13000.0
13
-1500.0
23
8750.0
33
13000.0
0
3DFACE
8
CEILING
10
-1500.0
20
8750.0
30
13000.0
11
250.0
21
8750.0
31
13000.0
12
250.0
22
10500.0
32
12688.8
13
-1500.0
23
10500.0
33
12688.8
0
3DFACE
8
CEILING
10
-1500.0
20
10500.0
30
12688.8
11
250.0
21
10500.0
31
12688.8
12
250.0
22
12250.0
32
12351.2
13
-1500.0
23
12250.0
33
12351.2
0
3DFACE
8
CEILING
10
-1500.0
20
12250.0
30
12351.2
11
250.0
21
12250.0
31
12351.2
12
250.0
22
14000.0
32
12000.0
13
-1500.0
23
14000.0
33
12000.0
0
3DFACE
8
CEILING
10
250.0
20
-14000.0
30
12000.0
11
2000.0
21
-14000.0
31
12000.0
12
2000.0
22
-12250.0
32
12351.2
13
250.0
23
-12250.0
33
12351.2
0
3DFACE
8
CEILING
10
250.0
20
-12250.0
30
12351.2
11
2000.0
21
-12250.0
31
12351.2
12
2000.0
22
-10500.0
32
12688.8
13
250.0
23
-10500.0
33
12688.8
0
3DFACE
8
CEILING
10
250.0
20
-10500.0
30
12688.8
11
2000.0
21
-10500.0
31
12688.8
12
2000.0
22
-8750.0
32
13000.0
13
250.0
23
-8750.0
33
13000.0
0
3DFACE
8
CEILING
10
250.0
20
-8750.0
30
13000.0
11
2000.0
21
-8750.0
31
13000.0
12
2000.0
22
-7000.0
32
13272.8
13
250.0
23
-7000.0
33
13272.8
0
3DFACE
8
CEILING
10
250.0
20
-7000.0
30
13272.8
11
2000.0
21
-7000.0
31
13272.8
12
2000.0
22
-5250.0
32
13496.6
13
250.0
23
-5250.0
33
13496.6
0
3DFACE
8
CEILING
10
250.0
20
-5250.0
30
13496.6
11
2000.0
21
-5250.0
31
13496.6
12
2000.0
22
-3500.0
32
13663.0
13
250.0
23
-3500.0
33
13663.0
0
3DFACE
8
CEILING
10
250.0
20
-3500.0
30
13663.0
11
2000.0
21
-3500.0
31
13663.0
12
2000.0
22
-1750.0
32
13765.4
13
250.0
23
-1750.0
33
13765.4
0
3DFACE
8
CEILING
10
250.0
20
-1750.0
30
13765.4
11
2000.0
21
-1750.0
31
13765.4
12
2000.0
22
0.0
32
13800.0
13
250.0
23
0.0
33
13800.0
0
3DFACE
8
CEILING
10
250.0
20
0.0
30
13800.0
11
2000.0
21
0.0
31
13800.0
12
2000.0
22
1750.0
32
13765.4
13
250.0
23
1750.0
33
13765.4
0
3DFACE
8
CEILING
10
250.0
20
1750.0
30
13765.4
11
2000.0
21
1750.0
31
13765.4
12
2000.0
22
3500.0
32
13663.0
13
250.0
23
3500.0
33
13663.0
0
3DFACE
8
CEILING
10
250.0
20
3500.0
30
13663.0
11
2000.0
21
3500.0
31
13663.0
12
2000.0
22
5250.0
32
13496.6
13
250.0
23
5250.0
33
13496.6
0
3DFACE
8
CEILING
10
250.0
20
5250.0
30
13496.6
11
2000.0
21
5250.0
31
13496.6
12
2000.0
22
7000.0
32
13272.8
13
250.0
23
7000.0
33
13272.8
0
3DFACE
8
CEILING
10
250.0
20
7000.0
30
13272.8
11
2000.0
21
7000.0
31
13272.8
12
2000.0
22
8750.0
32
13000.0
13
250.0
23
8750.0
33
13000.0
0
3DFACE
8
CEILING
10
250.0
20
8750.0
30
13000.0
11
2000.0
21
8750.0
31
13000.0
12
2000.0
22
10500.0
32
12688.8
13
250.0
23
10500.0
33
12688.8
0
3DFACE
8
CEILING
10
250.0
20
10500.0
30
12688.8
11
2000.0
21
10500.0
31
12688.8
12
2000.0
22
12250.0
32
12351.2
13
250.0
23
12250.0
33
12351.2
0
3DFACE
8
CEILING
10
250.0
20
12250.0
30
12351.2
11
2000.0
21
12250.0
31
12351.2
12
2000.0
22
14000.0
32
12000.0
13
250.0
23
14000.0
33
12000.0
0
3DFACE
8
CEILING
10
2000.0
20
-14000.0
30
12000.0
11
3750.0
21
-14000.0
31
12000.0
12
3750.0
22
-12250.0
32
12351.2
13
2000.0
23
-12250.0
33
12351.2
0
3DFACE
8
CEILING
10
2000.0
20
-12250.0
30
12351.2
11
3750.0
21
-12250.0
31
12351.2
12
3750.0
22
-10500.0
32
12688.8
13
2000.0
23
-10500.0
33
12688.8
0
3DFACE
8
CEILING
10
2000.0
20
-10500.0
30
12688.8
11
3750.0
21
-10500.0
31
12688.8
12
3750.0
22
-8750.0
32
13000.0
13
2000.0
23
-8750.0
33
13000.0
0
3DFACE
8
CEILING
10
2000.0
20
-8750.0
30
13000.0
11
3750.0
21
-8750.0
31
13000.0
12
3750.0
22
-7000.0
32
13272.8
13
2000.0
23
-7000.0
33
13272.8
0
3DFACE
8
CEILING
10
2000.0
20
-7000.0
30
13272.8
11
3750.0
21
-7000.0
31
13272.8
12
3750.0
22
-5250.0
32
13496.6
13
2000.0
23
-5250.0
33
13496.6
0
3DFACE
8
CEILING
10
2000.0
20
-5250.0
30
13496.6
11
3750.0
21
-5250.0
31
13496.6
12
3750.0
22
-3500.0
32
13663.0
13
2000.0
23
-3500.0
33
13663.0
0
3DFACE
8
CEILING
10
2000.0
20
-3500.0
30
13663.0
11
3750.0
21
-3500.0
31
13663.0
12
3750.0
22
-1750.0
32
13765.4
13
2000.0
23
-1750.0
33
13765.4
0
3DFACE
8
CEILING
10
2000.0
20
-1750.0
30
13765.4
11
3750.0
21
-1750.0
31
13765.4
12
3750.0
22
0.0
32
13800.0
13
2000.0
23
0.0
33
13800.0
0
3DFACE
8
CEILING
10
2000.0
20
0.0
30
13800.0
11
3750.0
21
0.0
31
13800.0
12
3750.0
22
1750.0
32
13765.4
13
2000.0
23
1750.0
33
13765.4
0
3DFACE
8
CEILING
10
2000.0
20
1750.0
30
13765.4
11
3750.0
21
1750.0
31
13765.4
12
3750.0
22
3500.0
32
13663.0
13
2000.0
23
3500.0
33
13663.0
0
3DFACE
8
CEILING
10
2000.0
20
3500.0
30
13663.0
11
3750.0
21
3500.0
31
13663.0
12
3750.0
22
5250.0
32
13496.6
13
2000.0
23
5250.0
33
13496.6
0
3DFACE
8
CEILING
10
2000.0
20
5250.0
30
13496.6
11
3750.0
21
5250.0
31
13496.6
12
3750.0
22
7000.0
32
13272.8
13
2000.0
23
7000.0
33
13272.8
0
3DFACE
8
CEILING
10
2000.0
20
7000.0
30
13272.8
11
3750.0
21
7000.0
31
13272.8
12
3750.0
22
8750.0
32
13000.0
13
2000.0
23
8750.0
33
13000.0
0
3DFACE
8
CEILING
10
2000.0
20
8750.0
30
13000.0
11
3750.0
21
8750.0
31
13000.0
12
3750.0
22
10500.0
32
12688.8
13
2000.0
23
10500.0
33
12688.8
0
3DFACE
8
CEILING
10
2000.0
20
10500.0
30
12688.8
11
3750.0
21
10500.0
31
12688.8
12
3750.0
22
12250.0
32
12351.2
13
2000.0
23
12250.0
33
12351.2
0
3DFACE
8
CEILING
10
2000.0
20
12250.0
30
12351.2
11
3750.0
21
12250.0
31
12351.2
12
3750.0
22
14000.0
32
12000.0
13
2000.0
23
14000.0
33
12000.0
0
3DFACE
8
CEILING
10
3750.0
20
-14000.0
30
12000.0
11
5500.0
21
-14000.0
31
12000.0
12
5500.0
22
-12250.0
32
12351.2
13
3750.0
23
-12250.0
33
12351.2
0
3DFACE
8
CEILING
10
3750.0
20
-12250.0
30
12351.2
11
5500.0
21
-12250.0
31
12351.2
12
5500.0
22
-10500.0
32
12688.8
13
3750.0
23
-10500.0
33
12688.8
0
3DFACE
8
CEILING
10
3750.0
20
-10500.0
30
12688.8
11
5500.0
21
-10500.0
31
12688.8
12
5500.0
22
-8750.0
32
13000.0
13
3750.0
23
-8750.0
33
13000.0
0
3DFACE
8
CEILING
10
3750.0
20
-8750.0
30
13000.0
11
5500.0
21
-8750.0
31
13000.0
12
5500.0
22
-7000.0
32
13272.8
13
3750.0
23
-7000.0
33
13272.8
0
3DFACE
8
CEILING
10
3750.0
20
-7000.0
30
13272.8
11
5500.0
21
-7000.0
31
13272.8
12
5500.0
22
-5250.0
32
13496.6
13
3750.0
23
-5250.0
33
13496.6
0
3DFACE
8
CEILING
10
3750.0
20
-5250.0
30
13496.6
11
5500.0
21
-5250.0
31
13496.6
12
5500.0
22
-3500.0
32
13663.0
13
3750.0
23
-3500.0
33
13663.0
0
3DFACE
8
CEILING
10
3750.0
20
-3500.0
30
13663.0
11
5500.0
21
-3500.0
31
13663.0
12
5500.0
22
-1750.0
32
13765.4
13
3750.0
23
-1750.0
33
13765.4
0
3DFACE
8
CEILING
10
3750.0
20
-1750.0
30
13765.4
11
5500.0
21
-1750.0
31
13765.4
12
5500.0
22
0.0
32
13800.0
13
3750.0
23
0.0
33
13800.0
0
3DFACE
8
CEILING
10
3750.0
20
0.0
30
13800.0
11
5500.0
21
0.0
31
13800.0
12
5500.0
22
1750.0
32
13765.4
13
3750.0
23
1750.0
33
13765.4
0
3DFACE
8
CEILING
10
3750.0
20
1750.0
30
13765.4
11
5500.0
21
1750.0
31
13765.4
12
5500.0
22
3500.0
32
13663.0
13
3750.0
23
3500.0
33
13663.0
0
3DFACE
8
CEILING
10
3750.0
20
3500.0
30
13663.0
11
5500.0
21
3500.0
31
13663.0
12
5500.0
22
5250.0
32
13496.6
13
3750.0
23
5250.0
33
13496.6
0
3DFACE
8
CEILING
10
3750.0
20
5250.0
30
13496.6
11
5500.0
21
5250.0
31
13496.6
12
5500.0
22
7000.0
32
13272.8
13
3750.0
23
7000.0
33
13272.8
0
3DFACE
8
CEILING
10
3750.0
20
7000.0
30
13272.8
11
5500.0
21
7000.0
31
13272.8
12
5500.0
22
8750.0
32
13000.0
13
3750.0
23
8750.0
33
13000.0
0
3DFACE
8
CEILING
10
3750.0
20
8750.0
30
13000.0
11
5500.0
21
8750.0
31
13000.0
12
5500.0
22
10500.0
32
12688.8
13
3750.0
23
10500.0
33
12688.8
0
3DFACE
8
CEILING
10
3750.0
20
10500.0
30
12688.8
11
5500.0
21
10500.0
31
12688.8
12
5500.0
22
12250.0
32
12351.2
13
3750.0
23
12250.0
33
12351.2
0
3DFACE
8
CEILING
10
3750.0
20
12250.0
30
12351.2
11
5500.0
21
12250.0
31
12351.2
12
5500.0
22
14000.0
32
12000.0
13
3750.0
23
14000.0
33
12000.0
0
3DFACE
8
CEILING
10
5500.0
20
-14000.0
30
12000.0
11
7250.0
21
-14000.0
31
12000.0
12
7250.0
22
-12250.0
32
12351.2
13
5500.0
23
-12250.0
33
12351.2
0
3DFACE
8
CEILING
10
5500.0
20
-12250.0
30
12351.2
11
7250.0
21
-12250.0
31
12351.2
12
7250.0
22
-10500.0
32
12688.8
13
5500.0
23
-10500.0
33
12688.8
0
3DFACE
8
CEILING
10
5500.0
20
-10500.0
30
12688.8
11
7250.0
21
-10500.0
31
12688.8
12
7250.0
22
-8750.0
32
13000.0
13
5500.0
23
-8750.0
33
13000.0
0
3DFACE
8
CEILING
10
5500.0
20
-8750.0
30
13000.0
11
7250.0
21
-8750.0
31
13000.0
12
7250.0
22
-7000.0
32
13272.8
13
5500.0
23
-7000.0
33
13272.8
0
3DFACE
8
CEILING
10
5500.0
20
-7000.0
30
13272.8
11
7250.0
21
-7000.0
31
13272.8
12
7250.0
22
-5250.0
32
13496.6
13
5500.0
23
-5250.0
33
13496.6
0
3DFACE
8
CEILING
10
5500.0
20
-5250.0
30
13496.6
11
7250.0
21
-5250.0
31
13496.6
12
7250.0
22
-3500.0
32
13663.0
13
5500.0
23
-3500.0
33
13663.0
0
3DFACE
8
CEILING
10
5500.0
20
-3500.0
30
13663.0
11
7250.0
21
-3500.0
31
13663.0
12
7250.0
22
-1750.0
32
13765.4
13
5500.0
23
-1750.0
33
13765.4
0
3DFACE
8
CEILING
10
5500.0
20
-1750.0
30
13765.4
11
7250.0
21
-1750.0
31
13765.4
12
7250.0
22
0.0
32
13800.0
13
5500.0
23
0.0
33
13800.0
0
3DFACE
8
CEILING
10
5500.0
20
0.0
30
13800.0
11
7250.0
21
0.0
31
13800.0
12
7250.0
22
1750.0
32
13765.4
13
5500.0
23
1750.0
33
13765.4
0
3DFACE
8
CEILING
10
5500.0
20
1750.0
30
13765.4
11
7250.0
21
1750.0
31
13765.4
12
7250.0
22
3500.0
32
13663.0
13
5500.0
23
3500.0
33
13663.0
0
3DFACE
8
CEILING
10
5500.0
20
3500.0
30
13663.0
11
7250.0
21
3500.0
31
13663.0
12
7250.0
22
5250.0
32
13496.6
13
5500.0
23
5250.0
33
13496.6
0
3DFACE
8
CEILING
10
5500.0
20
5250.0
30
13496.6
11
7250.0
21
5250.0
31
13496.6
12
7250.0
22
7000.0
32
13272.8
13
5500.0
23
7000.0
33
13272.8
0
3DFACE
8
CEILING
10
5500.0
20
7000.0
30
13272.8
11
7250.0
21
7000.0
31
13272.8
12
7250.0
22
8750.0
32
13000.0
13
5500.0
23
8750.0
33
13000.0
0
3DFACE
8
CEILING
10
5500.0
20
8750.0
30
13000.0
11
7250.0
21
8750.0
31
13000.0
12
7250.0
22
10500.0
32
12688.8
13
5500.0
23
10500.0
33
12688.8
0
3DFACE
8
CEILING
10
5500.0
20
10500.0
30
12688.8
11
7250.0
21
10500.0
31
12688.8
12
7250.0
22
12250.0
32
12351.2
13
5500.0
23
12250.0
33
12351.2
0
3DFACE
8
CEILING
10
5500.0
20
12250.0
30
12351.2
11
7250.0
21
12250.0
31
12351.2
12
7250.0
22
14000.0
32
12000.0
13
5500.0
23
14000.0
33
12000.0
0
3DFACE
8
CEILING
10
7250.0
20
-14000.0
30
12000.0
11
9000.0
21
-14000.0
31
12000.0
12
9000.0
22
-12250.0
32
12351.2
13
7250.0
23
-12250.0
33
12351.2
0
3DFACE
8
CEILING
10
7250.0
20
-12250.0
30
12351.2
11
9000.0
21
-12250.0
31
12351.2
12
9000.0
22
-10500.0
32
12688.8
13
7250.0
23
-10500.0
33
12688.8
0
3DFACE
8
CEILING
10
7250.0
20
-10500.0
30
12688.8
11
9000.0
21
-10500.0
31
12688.8
12
9000.0
22
-8750.0
32
13000.0
13
7250.0
23
-8750.0
33
13000.0
0
3DFACE
8
CEILING
10
7250.0
20
-8750.0
30
13000.0
11
9000.0
21
-8750.0
31
13000.0
12
9000.0
22
-7000.0
32
13272.8
13
7250.0
23
-7000.0
33
13272.8
0
3DFACE
8
CEILING
10
7250.0
20
-7000.0
30
13272.8
11
9000.0
21
-7000.0
31
13272.8
12
9000.0
22
-5250.0
32
13496.6
13
7250.0
23
-5250.0
33
13496.6
0
3DFACE
8
CEILING
10
7250.0
20
-5250.0
30
13496.6
11
9000.0
21
-5250.0
31
13496.6
12
9000.0
22
-3500.0
32
13663.0
13
7250.0
23
-3500.0
33
13663.0
0
3DFACE
8
CEILING
10
7250.0
20
-3500.0
30
13663.0
11
9000.0
21
-3500.0
31
13663.0
12
9000.0
22
-1750.0
32
13765.4
13
7250.0
23
-1750.0
33
13765.4
0
3DFACE
8
CEILING
10
7250.0
20
-1750.0
30
13765.4
11
9000.0
21
-1750.0
31
13765.4
12
9000.0
22
0.0
32
13800.0
13
7250.0
23
0.0
33
13800.0
0
3DFACE
8
CEILING
10
7250.0
20
0.0
30
13800.0
11
9000.0
21
0.0
31
13800.0
12
9000.0
22
1750.0
32
13765.4
13
7250.0
23
1750.0
33
13765.4
0
3DFACE
8
CEILING
10
7250.0
20
1750.0
30
13765.4
11
9000.0
21
1750.0
31
13765.4
12
9000.0
22
3500.0
32
13663.0
13
7250.0
23
3500.0
33
13663.0
0
3DFACE
8
CEILING
10
7250.0
20
3500.0
30
13663.0
11
9000.0
21
3500.0
31
13663.0
12
9000.0
22
5250.0
32
13496.6
13
7250.0
23
5250.0
33
13496.6
0
3DFACE
8
CEILING
10
7250.0
20
5250.0
30
13496.6
11
9000.0
21
5250.0
31
13496.6
12
9000.0
22
7000.0
32
13272.8
13
7250.0
23
7000.0
33
13272.8
0
3DFACE
8
CEILING
10
7250.0
20
7000.0
30
13272.8
11
9000.0
21
7000.0
31
13272.8
12
9000.0
22
8750.0
32
13000.0
13
7250.0
23
8750.0
33
13000.0
0
3DFACE
8
CEILING
10
7250.0
20
8750.0
30
13000.0
11
9000.0
21
8750.0
31
13000.0
12
9000.0
22
10500.0
32
12688.8
13
7250.0
23
10500.0
33
12688.8
0
3DFACE
8
CEILING
10
7250.0
20
10500.0
30
12688.8
11
9000.0
21
10500.0
31
12688.8
12
9000.0
22
12250.0
32
12351.2
13
7250.0
23
12250.0
33
12351.2
0
3DFACE
8
CEILING
10
7250.0
20
12250.0
30
12351.2
11
9000.0
21
12250.0
31
12351.2
12
9000.0
22
14000.0
32
12000.0
13
7250.0
23
14000.0
33
12000.0
0
3DFACE
8
CEILING
10
9000.0
20
-14000.0
30
12000.0
11
10750.0
21
-14000.0
31
12000.0
12
10750.0
22
-12250.0
32
12351.2
13
9000.0
23
-12250.0
33
12351.2
0
3DFACE
8
CEILING
10
9000.0
20
-12250.0
30
12351.2
11
10750.0
21
-12250.0
31
12351.2
12
10750.0
22
-10500.0
32
12688.8
13
9000.0
23
-10500.0
33
12688.8
0
3DFACE
8
CEILING
10
9000.0
20
-10500.0
30
12688.8
11
10750.0
21
-10500.0
31
12688.8
12
10750.0
22
-8750.0
32
13000.0
13
9000.0
23
-8750.0
33
13000.0
0
3DFACE
8
CEILING
10
9000.0
20
-8750.0
30
13000.0
11
10750.0
21
-8750.0
31
13000.0
12
10750.0
22
-7000.0
32
13272.8
13
9000.0
23
-7000.0
33
13272.8
0
3DFACE
8
CEILING
10
9000.0
20
-7000.0
30
13272.8
11
10750.0
21
-7000.0
31
13272.8
12
10750.0
22
-5250.0
32
13496.6
13
9000.0
23
-5250.0
33
13496.6
0
3DFACE
8
CEILING
10
9000.0
20
-5250.0
30
13496.6
11
10750.0
21
-5250.0
31
13496.6
12
10750.0
22
-3500.0
32
13663.0
13
9000.0
23
-3500.0
33
13663.0
0
3DFACE
8
CEILING
10
9000.0
20
-3500.0
30
13663.0
11
10750.0
21
-3500.0
31
13663.0
12
10750.0
22
-1750.0
32
13765.4
13
9000.0
23
-1750.0
33
13765.4
0
3DFACE
8
CEILING
10
9000.0
20
-1750.0
30
13765.4
11
10750.0
21
-1750.0
31
13765.4
12
10750.0
22
0.0
32
13800.0
13
9000.0
23
0.0
33
13800.0
0
3DFACE
8
CEILING
10
9000.0
20
0.0
30
13800.0
11
10750.0
21
0.0
31
13800.0
12
10750.0
22
1750.0
32
13765.4
13
9000.0
23
1750.0
33
13765.4
0
3DFACE
8
CEILING
10
9000.0
20
1750.0
30
13765.4
11
10750.0
21
1750.0
31
13765.4
12
10750.0
22
3500.0
32
13663.0
13
9000.0
23
3500.0
33
13663.0
0
3DFACE
8
CEILING
10
9000.0
20
3500.0
30
13663.0
11
10750.0
21
3500.0
31
13663.0
12
10750.0
22
5250.0
32
13496.6
13
9000.0
23
5250.0
33
13496.6
0
3DFACE
8
CEILING
10
9000.0
20
5250.0
30
13496.6
11
10750.0
21
5250.0
31
13496.6
12
10750.0
22
7000.0
32
13272.8
13
9000.0
23
7000.0
33
13272.8
0
3DFACE
8
CEILING
10
9000.0
20
7000.0
30
13272.8
11
10750.0
21
7000.0
31
13272.8
12
10750.0
22
8750.0
32
13000.0
13
9000.0
23
8750.0
33
13000.0
0
3DFACE
8
CEILING
10
9000.0
20
8750.0
30
13000.0
11
10750.0
21
8750.0
31
13000.0
12
10750.0
22
10500.0
32
12688.8
13
9000.0
23
10500.0
33
12688.8
0
3DFACE
8
CEILING
10
9000.0
20
10500.0
30
12688.8
11
10750.0
21
10500.0
31
12688.8
12
10750.0
22
12250.0
32
12351.2
13
9000.0
23
12250.0
33
12351.2
0
3DFACE
8
CEILING
10
9000.0
20
12250.0
30
12351.2
11
10750.0
21
12250.0
31
12351.2
12
10750.0
22
14000.0
32
12000.0
13
9000.0
23
14000.0
33
12000.0
0
3DFACE
8
CEILING
10
10750.0
20
-14000.0
30
12000.0
11
12500.0
21
-14000.0
31
12000.0
12
12500.0
22
-12250.0
32
12351.2
13
10750.0
23
-12250.0
33
12351.2
0
3DFACE
8
CEILING
10
10750.0
20
-12250.0
30
12351.2
11
12500.0
21
-12250.0
31
12351.2
12
12500.0
22
-10500.0
32
12688.8
13
10750.0
23
-10500.0
33
12688.8
0
3DFACE
8
CEILING
10
10750.0
20
-10500.0
30
12688.8
11
12500.0
21
-10500.0
31
12688.8
12
12500.0
22
-8750.0
32
13000.0
13
10750.0
23
-8750.0
33
13000.0
0
3DFACE
8
CEILING
10
10750.0
20
-8750.0
30
13000.0
11
12500.0
21
-8750.0
31
13000.0
12
12500.0
22
-7000.0
32
13272.8
13
10750.0
23
-7000.0
33
13272.8
0
3DFACE
8
CEILING
10
10750.0
20
-7000.0
30
13272.8
11
12500.0
21
-7000.0
31
13272.8
12
12500.0
22
-5250.0
32
13496.6
13
10750.0
23
-5250.0
33
13496.6
0
3DFACE
8
CEILING
10
10750.0
20
-5250.0
30
13496.6
11
12500.0
21
-5250.0
31
13496.6
12
12500.0
22
-3500.0
32
13663.0
13
10750.0
23
-3500.0
33
13663.0
0
3DFACE
8
CEILING
10
10750.0
20
-3500.0
30
13663.0
11
12500.0
21
-3500.0
31
13663.0
12
12500.0
22
-1750.0
32
13765.4
13
10750.0
23
-1750.0
33
13765.4
0
3DFACE
8
CEILING
10
10750.0
20
-1750.0
30
13765.4
11
12500.0
21
-1750.0
31
13765.4
12
12500.0
22
0.0
32
13800.0
13
10750.0
23
0.0
33
13800.0
0
3DFACE
8
CEILING
10
10750.0
20
0.0
30
13800.0
11
12500.0
21
0.0
31
13800.0
12
12500.0
22
1750.0
32
13765.4
13
10750.0
23
1750.0
33
13765.4
0
3DFACE
8
CEILING
10
10750.0
20
1750.0
30
13765.4
11
12500.0
21
1750.0
31
13765.4
12
12500.0
22
3500.0
32
13663.0
13
10750.0
23
3500.0
33
13663.0
0
3DFACE
8
CEILING
10
10750.0
20
3500.0
30
13663.0
11
12500.0
21
3500.0
31
13663.0
12
12500.0
22
5250.0
32
13496.6
13
10750.0
23
5250.0
33
13496.6
0
3DFACE
8
CEILING
10
10750.0
20
5250.0
30
13496.6
11
12500.0
21
5250.0
31
13496.6
12
12500.0
22
7000.0
32
13272.8
13
10750.0
23
7000.0
33
13272.8
0
3DFACE
8
CEILING
10
10750.0
20
7000.0
30
13272.8
11
12500.0
21
7000.0
31
13272.8
12
12500.0
22
8750.0
32
13000.0
13
10750.0
23
8750.0
33
13000.0
0
3DFACE
8
CEILING
10
10750.0
20
8750.0
30
13000.0
11
12500.0
21
8750.0
31
13000.0
12
12500.0
22
10500.0
32
12688.8
13
10750.0
23
10500.0
33
12688.8
0
3DFACE
8
CEILING
10
10750.0
20
10500.0
30
12688.8
11
12500.0
21
10500.0
31
12688.8
12
12500.0
22
12250.0
32
12351.2
13
10750.0
23
12250.0
33
12351.2
0
3DFACE
8
CEILING
10
10750.0
20
12250.0
30
12351.2
11
12500.0
21
12250.0
31
12351.2
12
12500.0
22
14000.0
32
12000.0
13
10750.0
23
14000.0
33
12000.0
0
3DFACE
8
CEILING
10
12500.0
20
-14000.0
30
12000.0
11
14250.0
21
-14000.0
31
12000.0
12
14250.0
22
-12250.0
32
12351.2
13
12500.0
23
-12250.0
33
12351.2
0
3DFACE
8
CEILING
10
12500.0
20
-12250.0
30
12351.2
11
14250.0
21
-12250.0
31
12351.2
12
14250.0
22
-10500.0
32
12688.8
13
12500.0
23
-10500.0
33
12688.8
0
3DFACE
8
CEILING
10
12500.0
20
-10500.0
30
12688.8
11
14250.0
21
-10500.0
31
12688.8
12
14250.0
22
-8750.0
32
13000.0
13
12500.0
23
-8750.0
33
13000.0
0
3DFACE
8
CEILING
10
12500.0
20
-8750.0
30
13000.0
11
14250.0
21
-8750.0
31
13000.0
12
14250.0
22
-7000.0
32
13272.8
13
12500.0
23
-7000.0
33
13272.8
0
3DFACE
8
CEILING
10
12500.0
20
-7000.0
30
13272.8
11
14250.0
21
-7000.0
31
13272.8
12
14250.0
22
-5250.0
32
13496.6
13
12500.0
23
-5250.0
33
13496.6
0
3DFACE
8
CEILING
10
12500.0
20
-5250.0
30
13496.6
11
14250.0
21
-5250.0
31
13496.6
12
14250.0
22
-3500.0
32
13663.0
13
12500.0
23
-3500.0
33
13663.0
0
3DFACE
8
CEILING
10
12500.0
20
-3500.0
30
13663.0
11
14250.0
21
-3500.0
31
13663.0
12
14250.0
22
-1750.0
32
13765.4
13
12500.0
23
-1750.0
33
13765.4
0
3DFACE
8
CEILING
10
12500.0
20
-1750.0
30
13765.4
11
14250.0
21
-1750.0
31
13765.4
12
14250.0
22
0.0
32
13800.0
13
12500.0
23
0.0
33
13800.0
0
3DFACE
8
CEILING
10
12500.0
20
0.0
30
13800.0
11
14250.0
21
0.0
31
13800.0
12
14250.0
22
1750.0
32
13765.4
13
12500.0
23
1750.0
33
13765.4
0
3DFACE
8
CEILING
10
12500.0
20
1750.0
30
13765.4
11
14250.0
21
1750.0
31
13765.4
12
14250.0
22
3500.0
32
13663.0
13
12500.0
23
3500.0
33
13663.0
0
3DFACE
8
CEILING
10
12500.0
20
3500.0
30
13663.0
11
14250.0
21
3500.0
31
13663.0
12
14250.0
22
5250.0
32
13496.6
13
12500.0
23
5250.0
33
13496.6
0
3DFACE
8
CEILING
10
12500.0
20
5250.0
30
13496.6
11
14250.0
21
5250.0
31
13496.6
12
14250.0
22
7000.0
32
13272.8
13
12500.0
23
7000.0
33
13272.8
0
3DFACE
8
CEILING
10
12500.0
20
7000.0
30
13272.8
11
14250.0
21
7000.0
31
13272.8
12
14250.0
22
8750.0
32
13000.0
13
12500.0
23
8750.0
33
13000.0
0
3DFACE
8
CEILING
10
12500.0
20
8750.0
30
13000.0
11
14250.0
21
8750.0
31
13000.0
12
14250.0
22
10500.0
32
12688.8
13
12500.0
23
10500.0
33
12688.8
0
3DFACE
8
CEILING
10
12500.0
20
10500.0
30
12688.8
11
14250.0
21
10500.0
31
12688.8
12
14250.0
22
12250.0
32
12351.2
13
12500.0
23
12250.0
33
12351.2
0
3DFACE
8
CEILING
10
12500.0
20
12250.0
30
12351.2
11
14250.0
21
12250.0
31
12351.2
12
14250.0
22
14000.0
32
12000.0
13
12500.0
23
14000.0
33
12000.0
0
3DFACE
8
CEILING
10
14250.0
20
-14000.0
30
12000.0
11
16000.0
21
-14000.0
31
12000.0
12
16000.0
22
-12250.0
32
12351.2
13
14250.0
23
-12250.0
33
12351.2
0
3DFACE
8
CEILING
10
14250.0
20
-12250.0
30
12351.2
11
16000.0
21
-12250.0
31
12351.2
12
16000.0
22
-10500.0
32
12688.8
13
14250.0
23
-10500.0
33
12688.8
0
3DFACE
8
CEILING
10
14250.0
20
-10500.0
30
12688.8
11
16000.0
21
-10500.0
31
12688.8
12
16000.0
22
-8750.0
32
13000.0
13
14250.0
23
-8750.0
33
13000.0
0
3DFACE
8
CEILING
10
14250.0
20
-8750.0
30
13000.0
11
16000.0
21
-8750.0
31
13000.0
12
16000.0
22
-7000.0
32
13272.8
13
14250.0
23
-7000.0
33
13272.8
0
3DFACE
8
CEILING
10
14250.0
20
-7000.0
30
13272.8
11
16000.0
21
-7000.0
31
13272.8
12
16000.0
22
-5250.0
32
13496.6
13
14250.0
23
-5250.0
33
13496.6
0
3DFACE
8
CEILING
10
14250.0
20
-5250.0
30
13496.6
11
16000.0
21
-5250.0
31
13496.6
12
16000.0
22
-3500.0
32
13663.0
13
14250.0
23
-3500.0
33
13663.0
0
3DFACE
8
CEILING
10
14250.0
20
-3500.0
30
13663.0
11
16000.0
21
-3500.0
31
13663.0
12
16000.0
22
-1750.0
32
13765.4
13
14250.0
23
-1750.0
33
13765.4
0
3DFACE
8
CEILING
10
14250.0
20
-1750.0
30
13765.4
11
16000.0
21
-1750.0
31
13765.4
12
16000.0
22
0.0
32
13800.0
13
14250.0
23
0.0
33
13800.0
0
3DFACE
8
CEILING
10
14250.0
20
0.0
30
13800.0
11
16000.0
21
0.0
31
13800.0
12
16000.0
22
1750.0
32
13765.4
13
14250.0
23
1750.0
33
13765.4
0
3DFACE
8
CEILING
10
14250.0
20
1750.0
30
13765.4
11
16000.0
21
1750.0
31
13765.4
12
16000.0
22
3500.0
32
13663.0
13
14250.0
23
3500.0
33
13663.0
0
3DFACE
8
CEILING
10
14250.0
20
3500.0
30
13663.0
11
16000.0
21
3500.0
31
13663.0
12
16000.0
22
5250.0
32
13496.6
13
14250.0
23
5250.0
33
13496.6
0
3DFACE
8
CEILING
10
14250.0
20
5250.0
30
13496.6
11
16000.0
21
5250.0
31
13496.6
12
16000.0
22
7000.0
32
13272.8
13
14250.0
23
7000.0
33
13272.8
0
3DFACE
8
CEILING
10
14250.0
20
7000.0
30
13272.8
11
16000.0
21
7000.0
31
13272.8
12
16000.0
22
8750.0
32
13000.0
13
14250.0
23
8750.0
33
13000.0
0
3DFACE
8
CEILING
10
14250.0
20
8750.0
30
13000.0
11
16000.0
21
8750.0
31
13000.0
12
16000.0
22
10500.0
32
12688.8
13
14250.0
23
10500.0
33
12688.8
0
3DFACE
8
CEILING
10
14250.0
20
10500.0
30
12688.8
11
16000.0
21
10500.0
31
12688.8
12
16000.0
22
12250.0
32
12351.2
13
14250.0
23
12250.0
33
12351.2
0
3DFACE
8
CEILING
10
14250.0
20
12250.0
30
12351.2
11
16000.0
21
12250.0
31
12351.2
12
16000.0
22
14000.0
32
12000.0
13
14250.0
23
14000.0
33
12000.0
0
3DFACE
8
CEILING
10
16000.0
20
-14000.0
30
12000.0
11
17750.0
21
-14000.0
31
12000.0
12
17750.0
22
-12250.0
32
12351.2
13
16000.0
23
-12250.0
33
12351.2
0
3DFACE
8
CEILING
10
16000.0
20
-12250.0
30
12351.2
11
17750.0
21
-12250.0
31
12351.2
12
17750.0
22
-10500.0
32
12688.8
13
16000.0
23
-10500.0
33
12688.8
0
3DFACE
8
CEILING
10
16000.0
20
-10500.0
30
12688.8
11
17750.0
21
-10500.0
31
12688.8
12
17750.0
22
-8750.0
32
13000.0
13
16000.0
23
-8750.0
33
13000.0
0
3DFACE
8
CEILING
10
16000.0
20
-8750.0
30
13000.0
11
17750.0
21
-8750.0
31
13000.0
12
17750.0
22
-7000.0
32
13272.8
13
16000.0
23
-7000.0
33
13272.8
0
3DFACE
8
CEILING
10
16000.0
20
-7000.0
30
13272.8
11
17750.0
21
-7000.0
31
13272.8
12
17750.0
22
-5250.0
32
13496.6
13
16000.0
23
-5250.0
33
13496.6
0
3DFACE
8
CEILING
10
16000.0
20
-5250.0
30
13496.6
11
17750.0
21
-5250.0
31
13496.6
12
17750.0
22
-3500.0
32
13663.0
13
16000.0
23
-3500.0
33
13663.0
0
3DFACE
8
CEILING
10
16000.0
20
-3500.0
30
13663.0
11
17750.0
21
-3500.0
31
13663.0
12
17750.0
22
-1750.0
32
13765.4
13
16000.0
23
-1750.0
33
13765.4
0
3DFACE
8
CEILING
10
16000.0
20
-1750.0
30
13765.4
11
17750.0
21
-1750.0
31
13765.4
12
17750.0
22
0.0
32
13800.0
13
16000.0
23
0.0
33
13800.0
0
3DFACE
8
CEILING
10
16000.0
20
0.0
30
13800.0
11
17750.0
21
0.0
31
13800.0
12
17750.0
22
1750.0
32
13765.4
13
16000.0
23
1750.0
33
13765.4
0
3DFACE
8
CEILING
10
16000.0
20
1750.0
30
13765.4
11
17750.0
21
1750.0
31
13765.4
12
17750.0
22
3500.0
32
13663.0
13
16000.0
23
3500.0
33
13663.0
0
3DFACE
8
CEILING
10
16000.0
20
3500.0
30
13663.0
11
17750.0
21
3500.0
31
13663.0
12
17750.0
22
5250.0
32
13496.6
13
16000.0
23
5250.0
33
13496.6
0
3DFACE
8
CEILING
10
16000.0
20
5250.0
30
13496.6
11
17750.0
21
5250.0
31
13496.6
12
17750.0
22
7000.0
32
13272.8
13
16000.0
23
7000.0
33
13272.8
0
3DFACE
8
CEILING
10
16000.0
20
7000.0
30
13272.8
11
17750.0
21
7000.0
31
13272.8
12
17750.0
22
8750.0
32
13000.0
13
16000.0
23
8750.0
33
13000.0
0
3DFACE
8
CEILING
10
16000.0
20
8750.0
30
13000.0
11
17750.0
21
8750.0
31
13000.0
12
17750.0
22
10500.0
32
12688.8
13
16000.0
23
10500.0
33
12688.8
0
3DFACE
8
CEILING
10
16000.0
20
10500.0
30
12688.8
11
17750.0
21
10500.0
31
12688.8
12
17750.0
22
12250.0
32
12351.2
13
16000.0
23
12250.0
33
12351.2
0
3DFACE
8
CEILING
10
16000.0
20
12250.0
30
12351.2
11
17750.0
21
12250.0
31
12351.2
12
17750.0
22
14000.0
32
12000.0
13
16000.0
23
14000.0
33
12000.0
0
3DFACE
8
CEILING
10
17750.0
20
-14000.0
30
12000.0
11
19500.0
21
-14000.0
31
12000.0
12
19500.0
22
-12250.0
32
12351.2
13
17750.0
23
-12250.0
33
12351.2
0
3DFACE
8
CEILING
10
17750.0
20
-12250.0
30
12351.2
11
19500.0
21
-12250.0
31
12351.2
12
19500.0
22
-10500.0
32
12688.8
13
17750.0
23
-10500.0
33
12688.8
0
3DFACE
8
CEILING
10
17750.0
20
-10500.0
30
12688.8
11
19500.0
21
-10500.0
31
12688.8
12
19500.0
22
-8750.0
32
13000.0
13
17750.0
23
-8750.0
33
13000.0
0
3DFACE
8
CEILING
10
17750.0
20
-8750.0
30
13000.0
11
19500.0
21
-8750.0
31
13000.0
12
19500.0
22
-7000.0
32
13272.8
13
17750.0
23
-7000.0
33
13272.8
0
3DFACE
8
CEILING
10
17750.0
20
-7000.0
30
13272.8
11
19500.0
21
-7000.0
31
13272.8
12
19500.0
22
-5250.0
32
13496.6
13
17750.0
23
-5250.0
33
13496.6
0
3DFACE
8
CEILING
10
17750.0
20
-5250.0
30
13496.6
11
19500.0
21
-5250.0
31
13496.6
12
19500.0
22
-3500.0
32
13663.0
13
17750.0
23
-3500.0
33
13663.0
0
3DFACE
8
CEILING
10
17750.0
20
-3500.0
30
13663.0
11
19500.0
21
-3500.0
31
13663.0
12
19500.0
22
-1750.0
32
13765.4
13
17750.0
23
-1750.0
33
13765.4
0
3DFACE
8
CEILING
10
17750.0
20
-1750.0
30
13765.4
11
19500.0
21
-1750.0
31
13765.4
12
19500.0
22
0.0
32
13800.0
13
17750.0
23
0.0
33
13800.0
0
3DFACE
8
CEILING
10
17750.0
20
0.0
30
13800.0
11
19500.0
21
0.0
31
13800.0
12
19500.0
22
1750.0
32
13765.4
13
17750.0
23
1750.0
33
13765.4
0
3DFACE
8
CEILING
10
17750.0
20
1750.0
30
13765.4
11
19500.0
21
1750.0
31
13765.4
12
19500.0
22
3500.0
32
13663.0
13
17750.0
23
3500.0
33
13663.0
0
3DFACE
8
CEILING
10
17750.0
20
3500.0
30
13663.0
11
19500.0
21
3500.0
31
13663.0
12
19500.0
22
5250.0
32
13496.6
13
17750.0
23
5250.0
33
13496.6
0
3DFACE
8
CEILING
10
17750.0
20
5250.0
30
13496.6
11
19500.0
21
5250.0
31
13496.6
12
19500.0
22
7000.0
32
13272.8
13
17750.0
23
7000.0
33
13272.8
0
3DFACE
8
CEILING
10
17750.0
20
7000.0
30
13272.8
11
19500.0
21
7000.0
31
13272.8
12
19500.0
22
8750.0
32
13000.0
13
17750.0
23
8750.0
33
13000.0
0
3DFACE
8
CEILING
10
17750.0
20
8750.0
30
13000.0
11
19500.0
21
8750.0
31
13000.0
12
19500.0
22
10500.0
32
12688.8
13
17750.0
23
10500.0
33
12688.8
0
3DFACE
8
CEILING
10
17750.0
20
10500.0
30
12688.8
11
19500.0
21
10500.0
31
12688.8
12
19500.0
22
12250.0
32
12351.2
13
17750.0
23
12250.0
33
12351.2
0
3DFACE
8
CEILING
10
17750.0
20
12250.0
30
12351.2
11
19500.0
21
12250.0
31
12351.2
12
19500.0
22
14000.0
32
12000.0
13
17750.0
23
14000.0
33
12000.0
0
3DFACE
8
CEILING
10
19500.0
20
-14000.0
30
12000.0
11
21250.0
21
-14000.0
31
12000.0
12
21250.0
22
-12250.0
32
12351.2
13
19500.0
23
-12250.0
33
12351.2
0
3DFACE
8
CEILING
10
19500.0
20
-12250.0
30
12351.2
11
21250.0
21
-12250.0
31
12351.2
12
21250.0
22
-10500.0
32
12688.8
13
19500.0
23
-10500.0
33
12688.8
0
3DFACE
8
CEILING
10
19500.0
20
-10500.0
30
12688.8
11
21250.0
21
-10500.0
31
12688.8
12
21250.0
22
-8750.0
32
13000.0
13
19500.0
23
-8750.0
33
13000.0
0
3DFACE
8
CEILING
10
19500.0
20
-8750.0
30
13000.0
11
21250.0
21
-8750.0
31
13000.0
12
21250.0
22
-7000.0
32
13272.8
13
19500.0
23
-7000.0
33
13272.8
0
3DFACE
8
CEILING
10
19500.0
20
-7000.0
30
13272.8
11
21250.0
21
-7000.0
31
13272.8
12
21250.0
22
-5250.0
32
13496.6
13
19500.0
23
-5250.0
33
13496.6
0
3DFACE
8
CEILING
10
19500.0
20
-5250.0
30
13496.6
11
21250.0
21
-5250.0
31
13496.6
12
21250.0
22
-3500.0
32
13663.0
13
19500.0
23
-3500.0
33
13663.0
0
3DFACE
8
CEILING
10
19500.0
20
-3500.0
30
13663.0
11
21250.0
21
-3500.0
31
13663.0
12
21250.0
22
-1750.0
32
13765.4
13
19500.0
23
-1750.0
33
13765.4
0
3DFACE
8
CEILING
10
19500.0
20
-1750.0
30
13765.4
11
21250.0
21
-1750.0
31
13765.4
12
21250.0
22
0.0
32
13800.0
13
19500.0
23
0.0
33
13800.0
0
3DFACE
8
CEILING
10
19500.0
20
0.0
30
13800.0
11
21250.0
21
0.0
31
13800.0
12
21250.0
22
1750.0
32
13765.4
13
19500.0
23
1750.0
33
13765.4
0
3DFACE
8
CEILING
10
19500.0
20
1750.0
30
13765.4
11
21250.0
21
1750.0
31
13765.4
12
21250.0
22
3500.0
32
13663.0
13
19500.0
23
3500.0
33
13663.0
0
3DFACE
8
CEILING
10
19500.0
20
3500.0
30
13663.0
11
21250.0
21
3500.0
31
13663.0
12
21250.0
22
5250.0
32
13496.6
13
19500.0
23
5250.0
33
13496.6
0
3DFACE
8
CEILING
10
19500.0
20
5250.0
30
13496.6
11
21250.0
21
5250.0
31
13496.6
12
21250.0
22
7000.0
32
13272.8
13
19500.0
23
7000.0
33
13272.8
0
3DFACE
8
CEILING
10
19500.0
20
7000.0
30
13272.8
11
21250.0
21
7000.0
31
13272.8
12
21250.0
22
8750.0
32
13000.0
13
19500.0
23
8750.0
33
13000.0
0
3DFACE
8
CEILING
10
19500.0
20
8750.0
30
13000.0
11
21250.0
21
8750.0
31
13000.0
12
21250.0
22
10500.0
32
12688.8
13
19500.0
23
10500.0
33
12688.8
0
3DFACE
8
CEILING
10
19500.0
20
10500.0
30
12688.8
11
21250.0
21
10500.0
31
12688.8
12
21250.0
22
12250.0
32
12351.2
13
19500.0
23
12250.0
33
12351.2
0
3DFACE
8
CEILING
10
19500.0
20
12250.0
30
12351.2
11
21250.0
21
12250.0
31
12351.2
12
21250.0
22
14000.0
32
12000.0
13
19500.0
23
14000.0
33
12000.0
0
3DFACE
8
CEILING
10
21250.0
20
-14000.0
30
12000.0
11
23000.0
21
-14000.0
31
12000.0
12
23000.0
22
-12250.0
32
12351.2
13
21250.0
23
-12250.0
33
12351.2
0
3DFACE
8
CEILING
10
21250.0
20
-12250.0
30
12351.2
11
23000.0
21
-12250.0
31
12351.2
12
23000.0
22
-10500.0
32
12688.8
13
21250.0
23
-10500.0
33
12688.8
0
3DFACE
8
CEILING
10
21250.0
20
-10500.0
30
12688.8
11
23000.0
21
-10500.0
31
12688.8
12
23000.0
22
-8750.0
32
13000.0
13
21250.0
23
-8750.0
33
13000.0
0
3DFACE
8
CEILING
10
21250.0
20
-8750.0
30
13000.0
11
23000.0
21
-8750.0
31
13000.0
12
23000.0
22
-7000.0
32
13272.8
13
21250.0
23
-7000.0
33
13272.8
0
3DFACE
8
CEILING
10
21250.0
20
-7000.0
30
13272.8
11
23000.0
21
-7000.0
31
13272.8
12
23000.0
22
-5250.0
32
13496.6
13
21250.0
23
-5250.0
33
13496.6
0
3DFACE
8
CEILING
10
21250.0
20
-5250.0
30
13496.6
11
23000.0
21
-5250.0
31
13496.6
12
23000.0
22
-3500.0
32
13663.0
13
21250.0
23
-3500.0
33
13663.0
0
3DFACE
8
CEILING
10
21250.0
20
-3500.0
30
13663.0
11
23000.0
21
-3500.0
31
13663.0
12
23000.0
22
-1750.0
32
13765.4
13
21250.0
23
-1750.0
33
13765.4
0
3DFACE
8
CEILING
10
21250.0
20
-1750.0
30
13765.4
11
23000.0
21
-1750.0
31
13765.4
12
23000.0
22
0.0
32
13800.0
13
21250.0
23
0.0
33
13800.0
0
3DFACE
8
CEILING
10
21250.0
20
0.0
30
13800.0
11
23000.0
21
0.0
31
13800.0
12
23000.0
22
1750.0
32
13765.4
13
21250.0
23
1750.0
33
13765.4
0
3DFACE
8
CEILING
10
21250.0
20
1750.0
30
13765.4
11
23000.0
21
1750.0
31
13765.4
12
23000.0
22
3500.0
32
13663.0
13
21250.0
23
3500.0
33
13663.0
0
3DFACE
8
CEILING
10
21250.0
20
3500.0
30
13663.0
11
23000.0
21
3500.0
31
13663.0
12
23000.0
22
5250.0
32
13496.6
13
21250.0
23
5250.0
33
13496.6
0
3DFACE
8
CEILING
10
21250.0
20
5250.0
30
13496.6
11
23000.0
21
5250.0
31
13496.6
12
23000.0
22
7000.0
32
13272.8
13
21250.0
23
7000.0
33
13272.8
0
3DFACE
8
CEILING
10
21250.0
20
7000.0
30
13272.8
11
23000.0
21
7000.0
31
13272.8
12
23000.0
22
8750.0
32
13000.0
13
21250.0
23
8750.0
33
13000.0
0
3DFACE
8
CEILING
10
21250.0
20
8750.0
30
13000.0
11
23000.0
21
8750.0
31
13000.0
12
23000.0
22
10500.0
32
12688.8
13
21250.0
23
10500.0
33
12688.8
0
3DFACE
8
CEILING
10
21250.0
20
10500.0
30
12688.8
11
23000.0
21
10500.0
31
12688.8
12
23000.0
22
12250.0
32
12351.2
13
21250.0
23
12250.0
33
12351.2
0
3DFACE
8
CEILING
10
21250.0
20
12250.0
30
12351.2
11
23000.0
21
12250.0
31
12351.2
12
23000.0
22
14000.0
32
12000.0
13
21250.0
23
14000.0
33
12000.0
0
3DFACE
8
LIGHTING BARS
10
-6250.0
20
-11000.0
30
10400.0
11
-5750.0
21
-11000.0
31
10400.0
12
-5750.0
22
11000.0
32
10400.0
13
-6250.0
23
11000.0
33
10400.0
0
3DFACE
8
LIGHTING BARS
10
-6250.0
20
-11000.0
30
11000.0
11
-5750.0
21
-11000.0
31
11000.0
12
-5750.0
22
11000.0
32
11000.0
13
-6250.0
23
11000.0
33
11000.0
0
3DFACE
8
LIGHTING BARS
10
-6250.0
20
-11000.0
30
10400.0
11
-5750.0
21
-11000.0
31
10400.0
12
-5750.0
22
-11000.0
32
11000.0
13
-6250.0
23
-11000.0
33
11000.0
0
3DFACE
8
LIGHTING BARS
10
-5750.0
20
-11000.0
30
10400.0
11
-5750.0
21
11000.0
31
10400.0
12
-5750.0
22
11000.0
32
11000.0
13
-5750.0
23
-11000.0
33
11000.0
0
3DFACE
8
LIGHTING BARS
10
-5750.0
20
11000.0
30
10400.0
11
-6250.0
21
11000.0
31
10400.0
12
-6250.0
22
11000.0
32
11000.0
13
-5750.0
23
11000.0
33
11000.0
0
3DFACE
8
LIGHTING BARS
10
-6250.0
20
11000.0
30
10400.0
11
-6250.0
21
-11000.0
31
10400.0
12
-6250.0
22
-11000.0
32
11000.0
13
-6250.0
23
11000.0
33
11000.0
0
3DFACE
8
LIGHTING BARS
10
1750.0
20
-11000.0
30
10400.0
11
2250.0
21
-11000.0
31
10400.0
12
2250.0
22
11000.0
32
10400.0
13
1750.0
23
11000.0
33
10400.0
0
3DFACE
8
LIGHTING BARS
10
1750.0
20
-11000.0
30
11000.0
11
2250.0
21
-11000.0
31
11000.0
12
2250.0
22
11000.0
32
11000.0
13
1750.0
23
11000.0
33
11000.0
0
3DFACE
8
LIGHTING BARS
10
1750.0
20
-11000.0
30
10400.0
11
2250.0
21
-11000.0
31
10400.0
12
2250.0
22
-11000.0
32
11000.0
13
1750.0
23
-11000.0
33
11000.0
0
3DFACE
8
LIGHTING BARS
10
2250.0
20
-11000.0
30
10400.0
11
2250.0
21
11000.0
31
10400.0
12
2250.0
22
11000.0
32
11000.0
13
2250.0
23
-11000.0
33
11000.0
0
3DFACE
8
LIGHTING BARS
10
2250.0
20
11000.0
30
10400.0
11
1750.0
21
11000.0
31
10400.0
12
1750.0
22
11000.0
32
11000.0
13
2250.0
23
11000.0
33
11000.0
0
3DFACE
8
LIGHTING BARS
10
1750.0
20
11000.0
30
10400.0
11
1750.0
21
-11000.0
31
10400.0
12
1750.0
22
-11000.0
32
11000.0
13
1750.0
23
11000.0
33
11000.0
0
3DFACE
8
LIGHTING BARS
10
9750.0
20
-11000.0
30
10400.0
11
10250.0
21
-11000.0
31
10400.0
12
10250.0
22
11000.0
32
10400.0
13
9750.0
23
11000.0
33
10400.0
0
3DFACE
8
LIGHTING BARS
10
9750.0
20
-11000.0
30
11000.0
11
10250.0
21
-11000.0
31
11000.0
12
10250.0
22
11000.0
32
11000.0
13
9750.0
23
11000.0
33
11000.0
0
3DFACE
8
LIGHTING BARS
10
9750.0
20
-11000.0
30
10400.0
11
10250.0
21
-11000.0
31
10400.0
12
10250.0
22
-11000.0
32
11000.0
13
9750.0
23
-11000.0
33
11000.0
0
3DFACE
8
LIGHTING BARS
10
10250.0
20
-11000.0
30
10400.0
11
10250.0
21
11000.0
31
10400.0
12
10250.0
22
11000.0
32
11000.0
13
10250.0
23
-11000.0
33
11000.0
0
3DFACE
8
LIGHTING BARS
10
10250.0
20
11000.0
30
10400.0
11
9750.0
21
11000.0
31
10400.0
12
9750.0
22
11000.0
32
11000.0
13
10250.0
23
11000.0
33
11000.0
0
3DFACE
8
LIGHTING BARS
10
9750.0
20
11000.0
30
10400.0
11
9750.0
21
-11000.0
31
10400.0
12
9750.0
22
-11000.0
32
11000.0
13
9750.0
23
11000.0
33
11000.0
0
LINE
8
DIMENSIONS
10
-12000.0
20
-14500.0
30
0.0
11
23000.0
21
-14500.0
31
0.0
0
LINE
8
DIMENSIONS
10
-12000.0
20
14500.0
30
0.0
11
23000.0
21
14500.0
31
0.0
0
ENDSEC
0
EOF
